fajl,status,cim_minoseg,listing_type
1000416310.html,ok:60,szoveges,elado
1001691575.html,ok:5,korzet,elado
1002628896.html,ok:45,korzet,elado
1004030040.html,ok:73,szoveges,elado
1006594268.html,ok:60,szoveges,elado
1007258179.html,ok:5,korzet,elado
1007481629.html,ok:5,korzet,elado
1008920346.html,ok:5,korzet,elado
1010185889.html,ok:79,szoveges,elado
1013533203.html,ok:5,korzet,elado
1015242045.html,ok:5,korzet,elado
1018260629.html,ok:5,korzet,elado
1018478627.html,ok:5,korzet,elado
1021434960.html,ok:80,korzet,elado
1021781293.html,ok:5,korzet,elado
1021868407.html,ok:84,szoveges,elado
1023109621.html,ok:5,korzet,elado
1023982229.html,ok:84,szoveges,elado
1025346825.html,ok:5,korzet,elado
1025607054.html,ok:74,szoveges,elado
1027087913.html,ok:63,korzet,elado
1027738823.html,ok:5,korzet,elado
1028747455.html,ok:5,korzet,elado
1029837782.html,ok:69,szoveges,elado
1031256263.html,ok:5,korzet,elado
1032071131.html,ok:5,korzet,elado
1034635868.html,ok:5,korzet,elado
1035096846.html,ok:5,korzet,elado
1035578980.html,ok:5,korzet,elado
1038206243.html,ok:5,korzet,elado
1040216895.html,ok:5,korzet,elado
1041318010.html,ok:84,szoveges,elado
1041478301.html,ok:82,szoveges,elado
1042309370.html,ok:5,korzet,elado
1043576572.html,ok:5,korzet,elado
1044243406.html,ok:81,korzet,elado
1045169448.html,ok:5,korzet,elado
1045424708.html,ok:5,korzet,elado
1046530400.html,ok:62,korzet,elado
1050800994.html,ok:5,korzet,elado
1050931847.html,ok:5,korzet,elado
1056344840.html,ok:5,korzet,elado
1056365129.html,ok:5,korzet,elado
1058690981.html,ok:71,szoveges,elado
1060101623.html,ok:5,korzet,elado
1061600049.html,ok:87,szoveges,elado
1063044894.html,ok:68,korzet,elado
1065549344.html,ok:5,korzet,elado
1066165143.html,ok:5,korzet,elado
1066586145.html,ok:5,korzet,elado
1067779928.html,ok:5,korzet,elado
1067830022.html,ok:59,korzet,elado
1067870347.html,ok:5,korzet,elado
1068315595.html,ok:5,korzet,elado
1069597555.html,ok:5,korzet,elado
1070659899.html,ok:5,korzet,elado
1070983835.html,ok:84,szoveges,elado
1076099881.html,ok:5,korzet,elado
1076106522.html,ok:5,korzet,elado
1078478528.html,ok:5,korzet,elado
1079618047.html,ok:5,korzet,elado
1079850406.html,ok:5,korzet,elado
1079998832.html,ok:5,korzet,elado
1080216614.html,ok:5,korzet,elado
1080536968.html,ok:5,korzet,elado
1083179951.html,ok:5,korzet,elado
1084479537.html,ok:70,szoveges,elado
1086475334.html,ok:60,szoveges,elado
1087756394.html,ok:87,szoveges,elado
1087974714.html,ok:5,korzet,elado
1088148914.html,ok:5,korzet,elado
1089023520.html,ok:5,korzet,elado
1089170317.html,ok:67,korzet,elado
1089199462.html,ok:5,korzet,elado
1089406571.html,ok:82,szoveges,elado
1094026969.html,ok:55,korzet,elado
1094723340.html,ok:5,korzet,elado
1096621287.html,ok:55,szoveges,elado
1097453119.html,ok:5,korzet,elado
1099225534.html,ok:5,korzet,elado
1102808181.html,ok:5,korzet,elado
1104155593.html,ok:5,korzet,elado
1104711807.html,ok:5,korzet,elado
1106966451.html,ok:5,korzet,elado
1109008151.html,ok:64,szoveges,elado
1109986256.html,ok:5,korzet,elado
1110636028.html,ok:5,korzet,elado
1111006694.html,ok:5,korzet,elado
1114096492.html,ok:5,korzet,elado
1114805.html,ok:5,korzet,elado
1116122443.html,ok:5,korzet,elado
1117946808.html,ok:75,szoveges,elado
1118582845.html,ok:5,korzet,elado
1119147307.html,ok:5,korzet,elado
1119906653.html,ok:5,korzet,elado
1120047892.html,ok:5,korzet,elado
1124780114.html,ok:5,korzet,elado
1125623273.html,ok:65,korzet,elado
1126156786.html,ok:5,korzet,elado
1126585585.html,ok:60,szoveges,elado
1128523773.html,ok:5,korzet,elado
1128554112.html,ok:5,korzet,elado
1129056471.html,ok:83,korzet,elado
1129449744.html,ok:5,korzet,elado
1130632700.html,ok:60,szoveges,elado
1130645058.html,ok:5,korzet,elado
1131653267.html,ok:5,korzet,elado
1131767620.html,ok:87,szoveges,elado
1133311066.html,ok:87,szoveges,elado
1133311119.html,ok:60,szoveges,elado
1133782596.html,ok:5,korzet,elado
1134136285.html,ok:5,korzet,elado
1134255447.html,ok:85,szoveges,elado
1134742923.html,ok:5,korzet,elado
1134851644.html,ok:5,korzet,elado
1135065233.html,ok:74,szoveges,elado
1135330037.html,ok:5,korzet,elado
1136403358.html,ok:5,korzet,elado
1138333101.html,ok:5,korzet,elado
1138490917.html,ok:72,korzet,elado
1138946221.html,ok:80,korzet,elado
1139643437.html,ok:87,szoveges,elado
1141108765.html,ok:5,korzet,elado
1142179264.html,ok:5,korzet,elado
1143146207.html,ok:80,szoveges,elado
1143522813.html,ok:5,korzet,elado
1144258355.html,ok:5,korzet,elado
1144863663.html,ok:5,korzet,elado
1145181818.html,ok:64,korzet,elado
1145687360.html,ok:87,szoveges,elado
1145954739.html,ok:5,korzet,elado
1146201772.html,ok:5,korzet,elado
1148776407.html,ok:5,korzet,elado
1148972259.html,ok:60,szoveges,elado
1150142533.html,ok:5,korzet,elado
1150598361.html,ok:63,szoveges,elado
1150660063.html,ok:52,szoveges,elado
1150771467.html,ok:5,korzet,elado
1151048103.html,ok:5,korzet,elado
1152218142.html,ok:60,szoveges,elado
1152399135.html,ok:82,szoveges,elado
1153053402.html,ok:60,szoveges,elado
1155498477.html,ok:5,korzet,elado
1156861302.html,ok:65,korzet,elado
1156955555.html,ok:5,korzet,elado
1157189568.html,ok:5,korzet,elado
1157468634.html,ok:44,szoveges,kiado
1159729262.html,ok:56,szoveges,elado
1161824433.html,ok:71,korzet,elado
1161964665.html,ok:80,szoveges,elado
1165169836.html,ok:60,szoveges,elado
1167831.html,ok:5,korzet,elado
1168782506.html,ok:5,korzet,elado
1169147245.html,ok:61,szoveges,elado
1173226261.html,ok:5,korzet,elado
1174313049.html,ok:60,szoveges,elado
1174446667.html,ok:5,korzet,elado
1174875818.html,ok:5,korzet,elado
1176689.html,ok:5,korzet,elado
1177336458.html,ok:69,szoveges,elado
1177623802.html,ok:5,korzet,elado
1179058179.html,ok:87,szoveges,elado
1182486991.html,ok:5,korzet,elado
1183275250.html,ok:5,korzet,elado
1183673654.html,ok:5,korzet,elado
1185563502.html,ok:5,korzet,elado
1185729570.html,ok:74,szoveges,elado
1187285071.html,ok:5,korzet,elado
1190291642.html,ok:5,korzet,elado
1191380892.html,ok:62,szoveges,elado
1192548711.html,ok:5,korzet,elado
1193203317.html,ok:55,korzet,elado
1195053795.html,ok:59,szoveges,elado
1195303657.html,ok:5,korzet,elado
1195434318.html,ok:5,korzet,elado
1195575100.html,ok:43,szoveges,kiado
1195915352.html,ok:70,korzet,elado
1197144824.html,ok:82,szoveges,elado
1200080974.html,ok:5,korzet,elado
1200386783.html,ok:5,korzet,elado
1200680072.html,ok:54,szoveges,elado
1201003414.html,ok:5,korzet,elado
1202561331.html,ok:5,korzet,elado
1202711044.html,ok:5,korzet,elado
1204854119.html,ok:5,korzet,elado
1205908001.html,ok:5,korzet,elado
1208378987.html,ok:5,korzet,elado
1208452935.html,ok:5,korzet,elado
1209992897.html,ok:5,korzet,elado
1210786589.html,ok:5,korzet,elado
1212398369.html,ok:5,korzet,elado
1213913602.html,ok:5,korzet,elado
1215283693.html,ok:5,korzet,elado
1218784122.html,ok:5,korzet,elado
1219186002.html,ok:5,korzet,elado
1222180388.html,ok:70,szoveges,elado
1222319074.html,ok:80,korzet,elado
1223226229.html,ok:5,korzet,elado
1223497660.html,ok:5,korzet,elado
1224209674.html,ok:87,szoveges,elado
1224241459.html,ok:5,korzet,elado
1225160.html,ok:5,korzet,elado
1225267798.html,ok:5,korzet,elado
1226048722.html,ok:87,szoveges,elado
1229352025.html,ok:68,szoveges,elado
1232895405.html,ok:5,korzet,elado
1233364684.html,ok:5,korzet,elado
1234456377.html,ok:83,korzet,elado
1235062519.html,ok:5,korzet,elado
1235259269.html,ok:5,korzet,elado
1235393264.html,ok:77,korzet,elado
1236040488.html,ok:5,korzet,elado
1236610005.html,ok:5,korzet,elado
1237891615.html,ok:5,korzet,elado
1238329386.html,ok:5,korzet,elado
1239286984.html,ok:5,korzet,elado
12395871.html,ok:5,korzet,elado
12396251.html,ok:5,korzet,elado
12396466.html,ok:5,korzet,elado
12396691.html,ok:5,korzet,elado
12396737.html,ok:5,korzet,elado
12396856.html,ok:5,korzet,elado
1240443803.html,ok:5,korzet,elado
1241894261.html,ok:5,korzet,elado
1242598556.html,ok:5,korzet,elado
1242615097.html,ok:57,szoveges,elado
12426560.html,ok:5,korzet,elado
1242757956.html,ok:64,korzet,elado
1243094987.html,ok:62,korzet,elado
1243305941.html,ok:68,szoveges,elado
12436780.html,ok:5,korzet,elado
1243683497.html,ok:5,korzet,elado
12449420.html,ok:5,korzet,elado
1245078773.html,ok:5,korzet,elado
12454937.html,ok:5,korzet,elado
12454939.html,ok:5,korzet,elado
1245801574.html,ok:83,szoveges,elado
1247067500.html,ok:82,szoveges,elado
1247373089.html,ok:5,korzet,elado
1248172368.html,ok:83,szoveges,elado
1248623759.html,ok:5,korzet,elado
1250653071.html,ok:5,korzet,elado
1252064767.html,ok:84,szoveges,elado
1252703103.html,ok:65,szoveges,elado
1252840617.html,ok:5,korzet,elado
1253425479.html,ok:5,korzet,elado
1253662839.html,ok:5,korzet,elado
1255107654.html,ok:5,korzet,elado
1255217405.html,ok:5,korzet,elado
12562955.html,ok:5,korzet,elado
1260367367.html,ok:5,korzet,elado
1261121513.html,ok:5,korzet,elado
12614665.html,ok:5,korzet,elado
1261512628.html,ok:5,korzet,elado
12619897.html,ok:5,korzet,elado
1263839012.html,ok:75,szoveges,elado
1265016497.html,ok:5,korzet,elado
1267055568.html,ok:5,korzet,elado
1267583817.html,ok:5,korzet,elado
1268077326.html,ok:5,korzet,elado
1271722979.html,ok:5,korzet,elado
1271950895.html,ok:5,korzet,elado
1272233382.html,ok:5,korzet,elado
1272354450.html,ok:84,szoveges,elado
12729888.html,ok:5,korzet,elado
1273509575.html,ok:5,korzet,elado
1274712303.html,ok:68,szoveges,elado
1274904843.html,ok:5,korzet,elado
1276454322.html,ok:5,korzet,elado
1276519706.html,ok:5,korzet,elado
1277971572.html,ok:5,korzet,elado
12788260.html,ok:5,korzet,elado
1279853583.html,ok:80,szoveges,elado
1280758130.html,ok:5,korzet,elado
1280901579.html,ok:5,korzet,elado
1281341185.html,ok:5,korzet,elado
1282494426.html,ok:72,szoveges,elado
12856590.html,ok:5,korzet,elado
1286792568.html,ok:5,korzet,elado
1287450455.html,ok:5,korzet,elado
1288967830.html,ok:5,korzet,elado
1289469339.html,ok:5,korzet,elado
1290287323.html,ok:5,korzet,elado
1292506335.html,ok:5,korzet,elado
1292593606.html,ok:5,korzet,elado
12929893.html,ok:5,korzet,elado
1293218921.html,ok:5,korzet,elado
12950230.html,ok:5,korzet,elado
1295370565.html,ok:5,korzet,elado
1296171.html,ok:5,korzet,elado
1298476433.html,ok:5,korzet,elado
12987224.html,ok:5,korzet,elado
1300171468.html,ok:5,korzet,elado
1302152717.html,ok:70,szoveges,elado
1304331283.html,ok:5,korzet,elado
13044121.html,ok:5,korzet,elado
1304916038.html,ok:5,korzet,elado
1304925507.html,ok:62,szoveges,elado
1305383428.html,ok:5,korzet,elado
1306311920.html,ok:5,korzet,elado
13070323.html,ok:5,korzet,elado
1307072027.html,ok:5,korzet,elado
13084243.html,ok:5,korzet,elado
1311441092.html,ok:88,szoveges,elado
1311683970.html,ok:73,korzet,elado
1313312382.html,ok:74,szoveges,elado
1313584797.html,ok:5,korzet,elado
1313741821.html,ok:73,szoveges,elado
1313895140.html,ok:87,szoveges,elado
1313910706.html,ok:83,korzet,elado
13155546.html,ok:5,korzet,elado
13157305.html,ok:5,korzet,elado
1315950897.html,ok:5,korzet,elado
13165528.html,ok:5,korzet,elado
1316698908.html,ok:70,korzet,elado
1316844770.html,ok:5,korzet,elado
1316864718.html,ok:5,korzet,elado
13168739.html,ok:5,korzet,elado
13168859.html,ok:5,korzet,elado
13168862.html,ok:5,korzet,elado
13173606.html,ok:5,korzet,elado
13178163.html,ok:5,korzet,elado
13178660.html,ok:5,korzet,elado
13187698.html,ok:5,korzet,elado
1318789.html,ok:5,korzet,elado
1319194792.html,ok:5,korzet,elado
1319352003.html,ok:5,korzet,elado
1319478208.html,ok:5,korzet,elado
1320433004.html,ok:5,korzet,elado
13207723.html,ok:5,korzet,elado
1320802143.html,ok:5,korzet,elado
13214202.html,ok:5,korzet,elado
13217855.html,ok:5,korzet,elado
1321879746.html,ok:75,szoveges,elado
1321884585.html,ok:5,korzet,elado
13219339.html,ok:5,korzet,elado
1322008045.html,ok:5,korzet,elado
13220142.html,ok:5,korzet,elado
13225102.html,ok:5,korzet,elado
13225355.html,ok:5,korzet,elado
1322699951.html,ok:5,korzet,elado
13234705.html,ok:5,korzet,elado
13235068.html,ok:5,korzet,elado
13238412.html,ok:5,korzet,elado
1324101600.html,ok:5,korzet,elado
13243867.html,ok:5,korzet,elado
13246816.html,ok:5,korzet,elado
13246819.html,ok:5,korzet,elado
1324811066.html,ok:5,korzet,elado
1324892633.html,ok:5,korzet,elado
1324977943.html,ok:5,korzet,elado
13250631.html,ok:5,korzet,elado
13251020.html,ok:5,korzet,elado
13251370.html,ok:5,korzet,elado
13251371.html,ok:5,korzet,elado
13251824.html,ok:5,korzet,elado
13252671.html,ok:5,korzet,elado
13252914.html,ok:5,korzet,elado
13253271.html,ok:5,korzet,elado
13253606.html,ok:5,korzet,elado
13254083.html,ok:5,korzet,elado
13254258.html,ok:5,korzet,elado
13254261.html,ok:5,korzet,elado
13254767.html,ok:5,korzet,elado
13254793.html,ok:5,korzet,elado
1325550673.html,ok:5,korzet,elado
13256122.html,ok:5,korzet,elado
13256599.html,ok:5,korzet,elado
13256952.html,ok:5,korzet,elado
13257097.html,ok:5,korzet,elado
13258364.html,ok:5,korzet,elado
13259408.html,ok:5,korzet,elado
13259863.html,ok:5,korzet,elado
13260117.html,ok:5,korzet,elado
13260268.html,ok:5,korzet,elado
13260310.html,ok:5,korzet,elado
13261177.html,ok:5,korzet,elado
13261231.html,ok:5,korzet,elado
13261690.html,ok:5,korzet,elado
13262519.html,ok:5,korzet,elado
13262624.html,ok:5,korzet,elado
13263306.html,ok:5,korzet,elado
13263970.html,ok:5,korzet,elado
13265124.html,ok:5,korzet,elado
13265314.html,ok:5,korzet,elado
13265413.html,ok:5,korzet,elado
13266166.html,ok:5,korzet,elado
13266180.html,ok:5,korzet,elado
13266440.html,ok:5,korzet,elado
13266441.html,ok:5,korzet,elado
13266657.html,ok:5,korzet,elado
13266659.html,ok:5,korzet,elado
13267015.html,ok:5,korzet,elado
13267918.html,ok:5,korzet,elado
13267982.html,ok:5,korzet,elado
13268050.html,ok:5,korzet,elado
13268151.html,ok:5,korzet,elado
13268189.html,ok:5,korzet,elado
13268241.html,ok:5,korzet,elado
13268475.html,ok:5,korzet,elado
13269120.html,ok:5,korzet,elado
13269471.html,ok:5,korzet,elado
13269473.html,ok:5,korzet,elado
13270046.html,ok:5,korzet,elado
13270104.html,ok:5,korzet,elado
13270169.html,ok:5,korzet,elado
13270308.html,ok:5,korzet,elado
13270359.html,ok:5,korzet,elado
13270583.html,ok:5,korzet,elado
13271018.html,ok:5,korzet,elado
13271324.html,ok:5,korzet,elado
13271440.html,ok:5,korzet,elado
13271554.html,ok:5,korzet,elado
1327169294.html,ok:72,szoveges,elado
13271898.html,ok:5,korzet,elado
13272033.html,ok:5,korzet,elado
13272674.html,ok:5,korzet,elado
13272699.html,ok:5,korzet,elado
13272832.html,ok:5,korzet,elado
13273238.html,ok:5,korzet,elado
13273308.html,ok:5,korzet,elado
13273379.html,ok:5,korzet,elado
13273465.html,ok:5,korzet,elado
13273588.html,ok:5,korzet,elado
13273928.html,ok:5,korzet,elado
13274271.html,ok:5,korzet,elado
13274274.html,ok:5,korzet,elado
13274357.html,ok:5,korzet,elado
13274366.html,ok:5,korzet,elado
13274674.html,ok:5,korzet,elado
13275003.html,ok:5,korzet,elado
13275035.html,ok:5,korzet,elado
13275160.html,ok:5,korzet,elado
13275175.html,ok:5,korzet,elado
13275468.html,ok:5,korzet,elado
13275502.html,ok:5,korzet,elado
13275526.html,ok:5,korzet,elado
13275539.html,ok:5,korzet,elado
13275593.html,ok:5,korzet,elado
13275594.html,ok:5,korzet,elado
13275614.html,ok:5,korzet,elado
13275973.html,ok:5,korzet,elado
13276018.html,ok:5,korzet,elado
13276190.html,ok:5,korzet,elado
13276348.html,ok:5,korzet,elado
13276395.html,ok:5,korzet,elado
13277197.html,ok:5,korzet,elado
13277242.html,ok:5,korzet,elado
13277244.html,ok:5,korzet,elado
13277334.html,ok:5,korzet,elado
1328084447.html,ok:5,korzet,elado
1328161927.html,ok:5,korzet,elado
1328575489.html,ok:5,korzet,elado
1331206741.html,ok:75,szoveges,elado
1332010919.html,ok:5,korzet,elado
1333200499.html,ok:74,szoveges,elado
1336411386.html,ok:5,korzet,elado
1337387.html,ok:5,korzet,elado
1337868654.html,ok:5,korzet,elado
1337938496.html,ok:70,szoveges,elado
1339520435.html,ok:5,korzet,elado
1340362405.html,ok:5,korzet,elado
1341172110.html,ok:5,korzet,elado
1348821349.html,ok:5,korzet,elado
1349901524.html,ok:5,korzet,elado
1350891652.html,ok:83,korzet,elado
1351224986.html,ok:60,szoveges,elado
1354610435.html,ok:83,szoveges,elado
1354833123.html,ok:5,korzet,elado
1355504636.html,ok:5,korzet,elado
1355692690.html,ok:61,korzet,elado
1357277845.html,ok:69,szoveges,elado
1358413452.html,ok:5,korzet,elado
1358523975.html,ok:87,szoveges,elado
1358554794.html,ok:5,korzet,elado
1359362327.html,ok:5,korzet,elado
1361550649.html,ok:5,korzet,elado
1364778822.html,ok:5,korzet,elado
1367370829.html,ok:83,korzet,elado
1368279029.html,ok:60,szoveges,elado
1369572966.html,ok:5,korzet,elado
1369879313.html,ok:5,korzet,elado
1370132468.html,ok:5,korzet,elado
1370727773.html,ok:5,korzet,elado
1371953592.html,ok:5,korzet,elado
1371975834.html,ok:83,korzet,elado
1372964356.html,ok:5,korzet,elado
1373163437.html,ok:5,korzet,elado
1375401228.html,ok:5,korzet,elado
1377722684.html,ok:5,korzet,elado
1377733214.html,ok:5,korzet,elado
1378421819.html,ok:69,korzet,elado
1380058691.html,ok:67,korzet,elado
1380395073.html,ok:74,korzet,elado
1380891570.html,ok:5,korzet,elado
1381368666.html,ok:5,korzet,elado
1382323317.html,ok:83,korzet,elado
1385269868.html,ok:5,korzet,elado
1388392175.html,ok:5,korzet,elado
1389766976.html,ok:5,korzet,elado
1390933263.html,ok:75,szoveges,elado
1392687278.html,ok:77,korzet,elado
1396016958.html,ok:77,szoveges,elado
1396501999.html,ok:5,korzet,elado
1398219738.html,ok:5,korzet,elado
1398816590.html,ok:69,korzet,elado
1400197085.html,ok:5,korzet,elado
1402642217.html,ok:5,korzet,elado
1404284395.html,ok:5,korzet,elado
1404502469.html,ok:5,korzet,elado
1404617359.html,ok:5,korzet,elado
1406182969.html,ok:5,korzet,elado
1406199124.html,ok:5,korzet,elado
1406535233.html,ok:5,korzet,elado
1406617220.html,ok:66,korzet,elado
1406984281.html,ok:87,szoveges,elado
1407862548.html,ok:91,szoveges,elado
1409761335.html,ok:5,korzet,elado
1410933489.html,ok:55,szoveges,elado
1411637669.html,ok:87,szoveges,elado
1412829780.html,ok:70,szoveges,elado
1416220324.html,ok:5,korzet,elado
1416648364.html,ok:5,korzet,elado
1417227144.html,ok:5,korzet,elado
1419412625.html,ok:85,szoveges,elado
1420913396.html,ok:73,korzet,elado
1421882394.html,ok:87,szoveges,elado
1423064844.html,ok:5,korzet,elado
1423974008.html,ok:5,korzet,elado
1426094134.html,ok:5,korzet,elado
1426782122.html,ok:5,korzet,elado
1429529966.html,ok:5,korzet,elado
1430500410.html,ok:83,korzet,elado
1430745652.html,ok:5,korzet,elado
1431192468.html,ok:5,korzet,elado
1431944382.html,ok:5,korzet,elado
1432561905.html,ok:66,korzet,elado
1432754609.html,ok:5,korzet,elado
1433482393.html,ok:63,szoveges,elado
1434224870.html,ok:94,szoveges,elado
1434744525.html,ok:5,korzet,elado
1436097415.html,ok:5,korzet,elado
1437981414.html,ok:64,korzet,elado
1438627739.html,ok:64,korzet,elado
1438755794.html,ok:53,korzet,elado
1439608.html,ok:5,korzet,elado
1441330215.html,ok:5,korzet,elado
1443244064.html,ok:5,korzet,elado
1443838008.html,ok:5,korzet,elado
1444639680.html,ok:5,korzet,elado
1445569459.html,ok:5,korzet,elado
1447578524.html,ok:76,szoveges,elado
1448598985.html,ok:5,korzet,elado
1449958460.html,ok:87,szoveges,elado
1450072653.html,ok:5,korzet,elado
1453107321.html,ok:5,korzet,elado
1453186302.html,ok:65,szoveges,elado
1454071001.html,ok:91,szoveges,elado
1454541789.html,ok:63,korzet,elado
1455078072.html,ok:81,szoveges,elado
1455080466.html,ok:5,korzet,elado
1456502501.html,ok:80,szoveges,elado
1456970431.html,ok:5,korzet,elado
1457623368.html,ok:5,korzet,elado
1457753847.html,ok:5,korzet,elado
1458007080.html,ok:5,korzet,elado
1458147615.html,ok:69,szoveges,elado
1458426250.html,ok:5,korzet,elado
1458766395.html,ok:5,korzet,elado
1461471866.html,ok:5,korzet,elado
1461520528.html,ok:66,korzet,elado
1464084438.html,ok:5,korzet,elado
1465359017.html,ok:5,korzet,elado
1465513442.html,ok:87,szoveges,elado
1466796563.html,ok:5,korzet,elado
1466990882.html,ok:63,korzet,elado
1470940161.html,ok:5,korzet,elado
1471492309.html,ok:5,korzet,elado
1473765130.html,ok:5,korzet,elado
1475559989.html,ok:75,szoveges,elado
1476905838.html,ok:68,korzet,elado
1477885200.html,ok:5,korzet,elado
1478565131.html,ok:61,korzet,elado
1478897008.html,ok:5,korzet,elado
1480550531.html,ok:5,korzet,elado
1480697547.html,ok:60,szoveges,elado
1480704372.html,ok:5,korzet,elado
1480783003.html,ok:68,korzet,elado
1482030405.html,ok:5,korzet,elado
1482032055.html,ok:5,korzet,elado
1482761097.html,ok:5,korzet,elado
1484717317.html,ok:5,korzet,elado
1490230955.html,ok:5,korzet,elado
1492110869.html,ok:5,korzet,elado
1492408482.html,ok:5,korzet,elado
1492832654.html,ok:76,szoveges,elado
1493904467.html,ok:88,szoveges,elado
1494343382.html,ok:73,szoveges,elado
1496151671.html,ok:5,korzet,elado
1496403436.html,ok:87,szoveges,elado
1496503893.html,ok:5,korzet,elado
1497162172.html,ok:5,korzet,elado
1497971920.html,ok:5,korzet,elado
1498511409.html,ok:5,korzet,elado
1498542894.html,ok:5,korzet,elado
1499197728.html,ok:5,korzet,elado
1501098508.html,ok:64,korzet,elado
1501551426.html,ok:5,korzet,elado
1502571580.html,ok:5,korzet,elado
1502720282.html,ok:5,korzet,elado
1502804292.html,ok:5,korzet,elado
1506074793.html,ok:55,szoveges,elado
1506099341.html,ok:5,korzet,elado
1506925917.html,ok:83,korzet,elado
1507718390.html,ok:5,korzet,elado
1509455512.html,ok:5,korzet,elado
1509939420.html,ok:73,szoveges,elado
1509944661.html,ok:5,korzet,elado
1510184789.html,ok:5,korzet,elado
1511291998.html,ok:5,korzet,elado
1511435287.html,ok:5,korzet,elado
1513176242.html,ok:5,korzet,elado
1513372974.html,ok:5,korzet,elado
1513777423.html,ok:5,korzet,elado
1515352501.html,ok:50,korzet,elado
1518269863.html,ok:5,korzet,elado
1518905814.html,ok:80,korzet,elado
1519371235.html,ok:5,korzet,elado
1519823485.html,ok:5,korzet,elado
1519963191.html,ok:58,korzet,elado
1521636185.html,ok:5,korzet,elado
1522442460.html,ok:5,korzet,elado
1523990965.html,ok:71,szoveges,elado
1524831304.html,ok:5,korzet,elado
1524847697.html,ok:5,korzet,elado
1525451128.html,ok:61,szoveges,elado
1525655209.html,ok:5,korzet,elado
1526873692.html,ok:5,korzet,elado
1527347284.html,ok:77,szoveges,elado
1527496769.html,ok:5,korzet,elado
1529590353.html,ok:5,korzet,elado
1529831156.html,ok:5,korzet,elado
1529863827.html,ok:5,korzet,elado
1530405124.html,ok:5,korzet,elado
1531428772.html,ok:5,korzet,elado
1533929826.html,ok:70,korzet,elado
1535906790.html,ok:71,korzet,elado
1537103316.html,ok:69,korzet,elado
1538250901.html,ok:5,korzet,elado
1539182153.html,ok:58,szoveges,elado
1541008880.html,ok:5,korzet,elado
1542696509.html,ok:5,korzet,elado
1543159260.html,ok:59,korzet,elado
1544580361.html,ok:5,korzet,elado
1545168985.html,ok:72,korzet,elado
1545244820.html,ok:5,korzet,elado
1545375617.html,ok:5,korzet,elado
1546203790.html,ok:65,korzet,elado
1548251539.html,ok:5,korzet,elado
1548786103.html,ok:5,korzet,elado
1549019212.html,ok:69,szoveges,elado
1549285017.html,ok:5,korzet,elado
1549989703.html,ok:87,szoveges,elado
1550348539.html,ok:60,szoveges,elado
1550959320.html,ok:84,szoveges,elado
1554785563.html,ok:5,korzet,elado
1554935420.html,ok:84,szoveges,elado
1555176072.html,ok:87,szoveges,elado
1555836646.html,ok:5,korzet,elado
1556110598.html,ok:58,szoveges,elado
1556846676.html,ok:5,korzet,elado
1557541743.html,ok:5,korzet,elado
1557627837.html,ok:5,korzet,elado
1558819724.html,ok:5,korzet,elado
1559297199.html,ok:5,korzet,elado
1559336674.html,ok:5,korzet,elado
1560031373.html,ok:87,szoveges,elado
1560567.html,ok:5,korzet,elado
1560655162.html,ok:74,korzet,elado
1560941942.html,ok:5,korzet,elado
1561870478.html,ok:5,korzet,elado
1562350825.html,ok:5,korzet,elado
1563127266.html,ok:84,szoveges,elado
1563999797.html,ok:69,szoveges,elado
1564108216.html,ok:5,korzet,elado
1564931325.html,ok:5,korzet,elado
1565421097.html,ok:5,korzet,elado
1566088114.html,ok:5,korzet,elado
1566314998.html,ok:5,korzet,elado
1566463025.html,ok:5,korzet,elado
1571075463.html,ok:67,szoveges,elado
1571137949.html,ok:5,korzet,elado
1571343792.html,ok:79,szoveges,elado
1572250051.html,ok:5,korzet,elado
1572741792.html,ok:5,korzet,elado
1572902180.html,ok:57,korzet,elado
1576601663.html,ok:5,korzet,elado
1578561676.html,ok:79,korzet,elado
1579105257.html,ok:5,korzet,elado
1579394095.html,ok:5,korzet,elado
1582677022.html,ok:5,korzet,elado
1584120816.html,ok:5,korzet,elado
1585035937.html,ok:5,korzet,elado
1585240954.html,ok:74,korzet,elado
1586167001.html,ok:5,korzet,elado
1586233746.html,ok:5,korzet,elado
1586594623.html,ok:5,korzet,elado
1586769608.html,ok:83,korzet,elado
1588684805.html,ok:5,korzet,elado
1588869943.html,ok:87,szoveges,elado
1592246046.html,ok:72,korzet,elado
1592903711.html,ok:73,korzet,elado
1593358096.html,ok:5,korzet,elado
1593515103.html,ok:38,korzet,kiado
1593858570.html,ok:5,korzet,elado
1593878359.html,ok:5,korzet,elado
1594394665.html,ok:5,korzet,elado
1594881839.html,ok:86,szoveges,elado
1595550611.html,ok:5,korzet,elado
1595869055.html,ok:5,korzet,elado
1595873372.html,ok:5,korzet,elado
1597798543.html,ok:73,szoveges,elado
1597824099.html,ok:5,korzet,elado
1598716788.html,ok:5,korzet,elado
1601549826.html,ok:5,korzet,elado
1603729501.html,ok:5,korzet,elado
1603793593.html,ok:5,korzet,elado
1604363203.html,ok:5,korzet,elado
1605634321.html,ok:5,korzet,elado
1606327344.html,ok:5,korzet,elado
1606747239.html,ok:5,korzet,elado
1607821660.html,ok:72,szoveges,elado
1608703779.html,ok:5,korzet,elado
1609076216.html,ok:5,korzet,elado
1609727439.html,ok:5,korzet,elado
1610533885.html,ok:5,korzet,elado
1612906533.html,ok:66,korzet,elado
1615509795.html,ok:5,korzet,elado
1615844103.html,ok:5,korzet,elado
1615971565.html,ok:65,korzet,elado
1619632973.html,ok:63,szoveges,elado
1620513782.html,ok:5,korzet,elado
1621714583.html,ok:5,korzet,elado
1622378955.html,ok:5,korzet,elado
1622561029.html,ok:5,korzet,elado
1623712648.html,ok:5,korzet,elado
1624116546.html,ok:75,szoveges,elado
1625885043.html,ok:5,korzet,elado
1627903455.html,ok:88,szoveges,elado
1628499853.html,ok:5,korzet,elado
1629013612.html,ok:5,korzet,elado
1629554721.html,ok:5,korzet,elado
1630113540.html,ok:5,korzet,elado
1630229409.html,ok:5,korzet,elado
1630396219.html,ok:63,korzet,elado
1631045486.html,ok:5,korzet,elado
1633562849.html,ok:5,korzet,elado
1634101522.html,ok:5,korzet,elado
1634428849.html,ok:5,korzet,elado
1636045744.html,ok:5,korzet,elado
1636615651.html,ok:5,korzet,elado
1636934145.html,ok:5,korzet,elado
1637116438.html,ok:60,szoveges,elado
1638435196.html,ok:5,korzet,elado
1638649747.html,ok:5,korzet,elado
1638890556.html,ok:5,korzet,elado
1641261460.html,ok:5,korzet,elado
1644172546.html,ok:5,korzet,elado
1644419834.html,ok:5,korzet,elado
1644774256.html,ok:5,korzet,elado
1644807183.html,ok:5,korzet,elado
1648597298.html,ok:5,korzet,elado
1648769758.html,ok:68,szoveges,elado
1649236031.html,ok:5,korzet,elado
1650960398.html,ok:5,korzet,elado
1652052606.html,ok:58,szoveges,elado
1652158676.html,ok:5,korzet,elado
1652304390.html,ok:83,szoveges,elado
1654104489.html,ok:5,korzet,elado
1654392367.html,ok:5,korzet,elado
1654400327.html,ok:5,korzet,elado
1655100153.html,ok:83,korzet,elado
1656068787.html,ok:5,korzet,elado
1656847508.html,ok:5,korzet,elado
1657970197.html,ok:50,szoveges,kiado
1658662002.html,ok:5,korzet,elado
1658824458.html,ok:5,korzet,elado
1661413082.html,ok:5,korzet,elado
1663147996.html,ok:85,szoveges,elado
1663235228.html,ok:5,korzet,elado
1664735163.html,ok:65,szoveges,elado
1665012719.html,ok:5,korzet,elado
1665700922.html,ok:60,szoveges,elado
1665937673.html,ok:72,szoveges,elado
1669192528.html,ok:5,korzet,elado
1671401322.html,ok:5,korzet,elado
1671761710.html,ok:5,korzet,elado
1672135811.html,ok:5,korzet,elado
1673019275.html,ok:60,szoveges,elado
1676416051.html,ok:5,korzet,elado
1676562648.html,ok:60,szoveges,elado
1677124691.html,ok:5,korzet,elado
1678841365.html,ok:5,korzet,elado
1678962778.html,ok:73,szoveges,elado
1680026595.html,ok:5,korzet,elado
1680476563.html,ok:5,korzet,elado
1680503410.html,ok:5,korzet,elado
1681378909.html,ok:5,korzet,elado
1682153128.html,ok:84,szoveges,elado
1683040469.html,ok:81,korzet,elado
1683718599.html,ok:5,korzet,elado
1684457579.html,ok:5,korzet,elado
1684827468.html,ok:5,korzet,elado
1688860821.html,ok:88,szoveges,elado
1690083171.html,ok:5,korzet,elado
1690514595.html,ok:5,korzet,elado
1691136802.html,ok:58,szoveges,elado
1691230195.html,ok:5,korzet,elado
1692236113.html,ok:5,korzet,elado
1693606254.html,ok:5,korzet,elado
1694418981.html,ok:5,korzet,elado
1694497446.html,ok:74,korzet,elado
1695300783.html,ok:60,szoveges,elado
1697728972.html,ok:5,korzet,elado
1700641753.html,ok:5,korzet,elado
1703534747.html,ok:5,korzet,elado
1703877795.html,ok:5,korzet,elado
1705453070.html,ok:5,korzet,elado
1707087500.html,ok:5,korzet,elado
1708150636.html,ok:5,korzet,elado
1709146799.html,ok:5,korzet,elado
1709189306.html,ok:76,korzet,elado
1710968380.html,ok:69,szoveges,elado
1711170646.html,ok:55,szoveges,elado
1711528293.html,ok:84,szoveges,elado
1712132181.html,ok:5,korzet,elado
1713199694.html,ok:5,korzet,elado
1715866533.html,ok:68,szoveges,elado
1716068917.html,ok:5,korzet,elado
1717031105.html,ok:69,szoveges,elado
1717456485.html,ok:5,korzet,elado
1717503777.html,ok:5,korzet,elado
1717636093.html,ok:5,korzet,elado
1718120802.html,ok:5,korzet,elado
1718569033.html,ok:5,korzet,elado
1718791774.html,ok:5,korzet,elado
1718807949.html,ok:54,szoveges,elado
1721434364.html,ok:5,korzet,elado
1721651912.html,ok:62,korzet,elado
1724489809.html,ok:76,szoveges,elado
1724555449.html,ok:5,korzet,elado
1728358275.html,ok:5,korzet,elado
1728724715.html,ok:5,korzet,elado
1729042096.html,ok:5,korzet,elado
1729538590.html,ok:65,korzet,elado
1730119757.html,ok:75,szoveges,elado
1730148582.html,ok:73,korzet,elado
1730263350.html,ok:84,szoveges,elado
1730789655.html,ok:66,korzet,elado
1733341728.html,ok:5,korzet,elado
1734399848.html,ok:5,korzet,elado
1736479305.html,ok:74,korzet,elado
1736787879.html,ok:5,korzet,elado
1737233772.html,ok:5,korzet,elado
1739871027.html,ok:5,korzet,elado
1740649485.html,ok:5,korzet,elado
1740881146.html,ok:5,korzet,elado
1741172938.html,ok:5,korzet,elado
1741556687.html,ok:88,szoveges,elado
1741825923.html,ok:66,korzet,elado
1743359080.html,ok:69,korzet,elado
1743382131.html,ok:67,korzet,elado
1743659263.html,ok:5,korzet,elado
1745333714.html,ok:5,korzet,elado
1746314795.html,ok:56,korzet,elado
1747932783.html,ok:5,korzet,elado
1749892580.html,ok:53,szoveges,elado
1749911768.html,ok:80,szoveges,elado
1751372551.html,ok:5,korzet,elado
1755773676.html,ok:5,korzet,elado
1757150654.html,ok:5,korzet,elado
1757839569.html,ok:5,korzet,elado
1758497673.html,ok:84,szoveges,elado
1758830205.html,ok:5,korzet,elado
1760599173.html,ok:5,korzet,elado
1761159219.html,ok:5,korzet,elado
1761561903.html,ok:88,szoveges,elado
1761583296.html,ok:5,korzet,elado
1763843130.html,ok:5,korzet,elado
1767062001.html,ok:5,korzet,elado
1768463529.html,ok:5,korzet,elado
1773345968.html,ok:5,korzet,elado
1776489126.html,ok:5,korzet,elado
1777745530.html,ok:61,korzet,elado
1781592354.html,ok:5,korzet,elado
1781707706.html,ok:5,korzet,elado
1782365623.html,ok:5,korzet,elado
1782492813.html,ok:5,korzet,elado
1783680719.html,ok:69,szoveges,elado
1784354645.html,ok:5,korzet,elado
1785054753.html,ok:5,korzet,elado
1786141886.html,ok:5,korzet,elado
1786150428.html,ok:5,korzet,elado
1786563750.html,ok:5,korzet,elado
1787016419.html,ok:5,korzet,elado
1788040639.html,ok:70,korzet,elado
1789637139.html,ok:5,korzet,elado
1789941610.html,ok:87,szoveges,elado
1790578301.html,ok:5,korzet,elado
1790674331.html,ok:5,korzet,elado
1792835044.html,ok:5,korzet,elado
1793968897.html,ok:5,korzet,elado
1794822822.html,ok:66,szoveges,elado
1795756341.html,ok:80,korzet,elado
1795791825.html,ok:5,korzet,elado
1796138914.html,ok:5,korzet,elado
1796641602.html,ok:87,szoveges,elado
1797180121.html,ok:53,szoveges,elado
1797622185.html,ok:5,korzet,elado
1797866583.html,ok:5,korzet,elado
1799052551.html,ok:5,korzet,elado
1800170199.html,ok:5,korzet,elado
1800573413.html,ok:5,korzet,elado
1801179504.html,ok:5,korzet,elado
1801285014.html,ok:5,korzet,elado
1802789651.html,ok:87,szoveges,elado
1804830968.html,ok:5,korzet,elado
1805136734.html,ok:62,szoveges,elado
1807258392.html,ok:5,korzet,elado
1807621618.html,ok:5,korzet,elado
1808199016.html,ok:5,korzet,elado
1808707353.html,ok:55,szoveges,elado
1808787914.html,ok:5,korzet,elado
1809115007.html,ok:60,szoveges,elado
1810479720.html,ok:5,korzet,elado
1811358218.html,ok:66,korzet,elado
1811655788.html,ok:5,korzet,elado
1812362156.html,ok:5,korzet,elado
1812822925.html,ok:84,szoveges,elado
1813238504.html,ok:5,korzet,elado
1813846851.html,ok:82,szoveges,elado
1815354618.html,ok:5,korzet,elado
1815765616.html,ok:83,korzet,elado
1816250575.html,ok:5,korzet,elado
1816717487.html,ok:5,korzet,elado
1817091146.html,ok:5,korzet,elado
1817830282.html,ok:5,korzet,elado
1818275288.html,ok:69,szoveges,elado
1819074985.html,ok:5,korzet,elado
1820146597.html,ok:5,korzet,elado
1821540556.html,ok:5,korzet,elado
1821670174.html,ok:5,korzet,elado
1822060869.html,ok:5,korzet,elado
1823160283.html,ok:5,korzet,elado
1823628019.html,ok:5,korzet,elado
1823862619.html,ok:5,korzet,elado
1824539117.html,ok:5,korzet,elado
1825342300.html,ok:5,korzet,elado
1826389133.html,ok:72,szoveges,elado
1826674682.html,ok:5,korzet,elado
1826716814.html,ok:5,korzet,elado
1826816243.html,ok:5,korzet,elado
1827299224.html,ok:69,szoveges,elado
1828800502.html,ok:5,korzet,elado
1830983732.html,ok:5,korzet,elado
1831296989.html,ok:83,korzet,elado
1832079930.html,ok:5,korzet,elado
1832644837.html,ok:5,korzet,elado
1833855078.html,ok:5,korzet,elado
1835133408.html,ok:60,szoveges,elado
1836477401.html,ok:5,korzet,elado
1837189567.html,ok:5,korzet,elado
1838617684.html,ok:5,korzet,elado
1839399403.html,ok:5,korzet,elado
1839855226.html,ok:5,korzet,elado
1840307587.html,ok:5,korzet,elado
1840546366.html,ok:60,korzet,elado
1841318330.html,ok:5,korzet,elado
1843478076.html,ok:5,korzet,elado
1845582201.html,ok:5,korzet,elado
1846753066.html,ok:5,korzet,elado
1847221187.html,ok:5,korzet,elado
1847885199.html,ok:5,korzet,elado
1848060889.html,ok:5,korzet,elado
1848547884.html,ok:5,korzet,elado
1849539467.html,ok:58,korzet,elado
1849827393.html,ok:5,korzet,elado
1852611394.html,ok:5,korzet,elado
1852741234.html,ok:5,korzet,elado
1854229709.html,ok:5,korzet,elado
1854258168.html,ok:5,korzet,elado
1855936077.html,ok:5,korzet,elado
1857851669.html,ok:5,korzet,elado
1858452943.html,ok:83,korzet,elado
1859595331.html,ok:60,szoveges,elado
1859804003.html,ok:5,korzet,elado
1862191782.html,ok:72,korzet,elado
1864545873.html,ok:5,korzet,elado
1865783521.html,ok:84,szoveges,elado
1866048.html,ok:5,korzet,elado
1867331109.html,ok:84,szoveges,elado
1868815469.html,ok:60,szoveges,elado
1869406025.html,ok:5,korzet,elado
1871456207.html,ok:5,korzet,elado
1875540937.html,ok:83,szoveges,elado
1876257054.html,ok:5,korzet,elado
1876511907.html,ok:5,korzet,elado
1876575157.html,ok:5,korzet,elado
1877369363.html,ok:62,szoveges,elado
1877670507.html,ok:5,korzet,elado
1877709525.html,ok:54,szoveges,elado
1878900970.html,ok:66,korzet,elado
1881069420.html,ok:5,korzet,elado
1881940018.html,ok:56,szoveges,elado
1882095792.html,ok:5,korzet,elado
1882969512.html,ok:58,korzet,elado
1883268473.html,ok:51,korzet,elado
1885017344.html,ok:67,szoveges,elado
1886793412.html,ok:69,szoveges,elado
1892199538.html,ok:5,korzet,elado
1894195165.html,ok:60,szoveges,elado
1895608815.html,ok:5,korzet,elado
1895705012.html,ok:5,korzet,elado
1895892679.html,ok:5,korzet,elado
1897167570.html,ok:5,korzet,elado
1897714326.html,ok:5,korzet,elado
1900918875.html,ok:5,korzet,elado
1901214078.html,ok:5,korzet,elado
1902566520.html,ok:55,szoveges,elado
1902647351.html,ok:5,korzet,elado
1904114174.html,ok:5,korzet,elado
1904421088.html,ok:5,korzet,elado
1905414094.html,ok:5,korzet,elado
1905884529.html,ok:60,szoveges,elado
1906091195.html,ok:5,korzet,elado
1908372851.html,ok:5,korzet,elado
1908465879.html,ok:5,korzet,elado
1909078790.html,ok:5,korzet,elado
1910482231.html,ok:5,korzet,elado
1910510072.html,ok:66,korzet,elado
1911554848.html,ok:5,korzet,elado
1911966953.html,ok:65,szoveges,elado
1912591616.html,ok:5,korzet,elado
1912797768.html,ok:5,korzet,elado
1914073282.html,ok:72,korzet,elado
1915771917.html,ok:69,szoveges,elado
1916353307.html,ok:73,korzet,elado
1917438919.html,ok:5,korzet,elado
1918201470.html,ok:5,korzet,elado
1920332246.html,ok:5,korzet,elado
1922001545.html,ok:5,korzet,elado
1922388477.html,ok:5,korzet,elado
1923853133.html,ok:5,korzet,elado
1924082108.html,ok:70,szoveges,elado
1924553851.html,ok:5,korzet,elado
1925792048.html,ok:52,szoveges,elado
1925796838.html,ok:65,korzet,elado
1926449913.html,ok:5,korzet,elado
1927520262.html,ok:71,korzet,elado
1928095339.html,ok:5,korzet,elado
1928604582.html,ok:5,korzet,elado
1928898973.html,ok:5,korzet,elado
1929929960.html,ok:73,korzet,elado
1930845761.html,ok:5,korzet,elado
1930848854.html,ok:5,korzet,elado
1934234577.html,ok:69,korzet,elado
1937684967.html,ok:52,szoveges,kiado
1938044568.html,ok:5,korzet,elado
1940593888.html,ok:5,korzet,elado
1940696777.html,ok:46,korzet,elado
1942986020.html,ok:5,korzet,elado
1943527545.html,ok:5,korzet,elado
1945462119.html,ok:67,szoveges,elado
1946360174.html,ok:83,korzet,elado
1946440876.html,ok:5,korzet,elado
1947159490.html,ok:5,korzet,elado
1947236089.html,ok:5,korzet,elado
1947311891.html,ok:5,korzet,elado
1948298471.html,ok:5,korzet,elado
1949930060.html,ok:5,korzet,elado
1950337300.html,ok:5,korzet,elado
1950687347.html,ok:5,korzet,elado
1950772701.html,ok:5,korzet,elado
1951437334.html,ok:5,korzet,elado
1952013916.html,ok:5,korzet,elado
1952722253.html,ok:71,korzet,elado
1952890759.html,ok:5,korzet,elado
1953608830.html,ok:67,szoveges,elado
1953686747.html,ok:87,szoveges,elado
1953899211.html,ok:88,szoveges,elado
1953918796.html,ok:87,szoveges,elado
1954043784.html,ok:5,korzet,elado
1954805966.html,ok:76,korzet,elado
1955643740.html,ok:5,korzet,elado
1956722697.html,ok:51,korzet,elado
1957410308.html,ok:51,szoveges,kiado
1957804131.html,ok:5,korzet,elado
1958366862.html,ok:55,szoveges,elado
1958534353.html,ok:5,korzet,elado
1958801197.html,ok:5,korzet,elado
1959324028.html,ok:5,korzet,elado
1959800984.html,ok:5,korzet,elado
1960953813.html,ok:5,korzet,elado
1961972825.html,ok:5,korzet,elado
1962017157.html,ok:5,korzet,elado
1962684324.html,ok:53,korzet,elado
1962693662.html,ok:5,korzet,elado
1962850374.html,ok:5,korzet,elado
1963891593.html,ok:5,korzet,elado
1966088745.html,ok:5,korzet,elado
1967574783.html,ok:5,korzet,elado
1968256578.html,ok:5,korzet,elado
1971037850.html,ok:5,korzet,elado
1971084693.html,ok:66,korzet,elado
1971188665.html,ok:5,korzet,elado
1971474545.html,ok:5,korzet,elado
1972328244.html,ok:5,korzet,elado
1978048949.html,ok:5,korzet,elado
1980090845.html,ok:5,korzet,elado
1980421650.html,ok:81,szoveges,elado
1981377207.html,ok:5,korzet,elado
1982432456.html,ok:5,korzet,elado
1983692563.html,ok:69,szoveges,elado
1984310502.html,ok:5,korzet,elado
1986439609.html,ok:5,korzet,elado
1987276631.html,ok:83,korzet,elado
1987375672.html,ok:5,korzet,elado
1987751659.html,ok:73,szoveges,elado
1987932864.html,ok:5,korzet,elado
1989515214.html,ok:5,korzet,elado
1989803228.html,ok:5,korzet,elado
1991143312.html,ok:5,korzet,elado
1991419015.html,ok:55,szoveges,elado
1991764921.html,ok:5,korzet,elado
1992792659.html,ok:5,korzet,elado
1993424404.html,ok:5,korzet,elado
1993727519.html,ok:5,korzet,elado
1993892941.html,ok:5,korzet,elado
1993919927.html,ok:5,korzet,elado
1995224280.html,ok:5,korzet,elado
1995573114.html,ok:5,korzet,elado
1995962326.html,ok:5,korzet,elado
1996119906.html,ok:5,korzet,elado
1996197376.html,ok:68,szoveges,elado
1996747456.html,ok:87,szoveges,elado
1997480294.html,ok:5,korzet,elado
1998901976.html,ok:5,korzet,elado
2000972943.html,ok:56,szoveges,elado
2002763876.html,ok:5,korzet,elado
2003231814.html,ok:87,szoveges,elado
2003889505.html,ok:5,korzet,elado
2004907469.html,ok:5,korzet,elado
2005144384.html,ok:5,korzet,elado
2006525822.html,ok:5,korzet,elado
2008631088.html,ok:5,korzet,elado
2008671045.html,ok:5,korzet,elado
2009276425.html,ok:5,korzet,elado
2010081669.html,ok:74,szoveges,elado
2010113845.html,ok:74,szoveges,elado
2011654887.html,ok:5,korzet,elado
2012111796.html,ok:5,korzet,elado
2013483283.html,ok:5,korzet,elado
2014727978.html,ok:5,korzet,elado
2015250560.html,ok:80,korzet,elado
2018909530.html,ok:5,korzet,elado
2019430485.html,ok:60,szoveges,elado
2020207016.html,ok:87,szoveges,elado
2020751757.html,ok:5,korzet,elado
2021584262.html,ok:5,korzet,elado
2022170128.html,ok:58,korzet,elado
2022376976.html,ok:5,korzet,elado
2022459811.html,ok:5,korzet,elado
2022622048.html,ok:5,korzet,elado
2022873106.html,ok:83,korzet,elado
2022899967.html,ok:5,korzet,elado
2023867525.html,ok:5,korzet,elado
2024798847.html,ok:87,szoveges,elado
2025594574.html,ok:5,korzet,elado
2028267205.html,ok:5,korzet,elado
2028744556.html,ok:87,szoveges,elado
2029497238.html,ok:5,korzet,elado
2029874837.html,ok:5,korzet,elado
2030031378.html,ok:5,korzet,elado
2030469693.html,ok:5,korzet,elado
2030910864.html,ok:5,korzet,elado
2030959945.html,ok:5,korzet,elado
2031356720.html,ok:74,szoveges,elado
2031822214.html,ok:5,korzet,elado
2031868845.html,ok:5,korzet,elado
2032680380.html,ok:5,korzet,elado
2033300963.html,ok:5,korzet,elado
2033445873.html,ok:71,szoveges,elado
2036151311.html,ok:65,korzet,elado
2037370697.html,ok:58,szoveges,elado
2038831922.html,ok:5,korzet,elado
2039892220.html,ok:5,korzet,elado
2041883407.html,ok:66,korzet,elado
2047336828.html,ok:5,korzet,elado
2047518082.html,ok:66,korzet,elado
2048367998.html,ok:5,korzet,elado
2050228151.html,ok:5,korzet,elado
2051727274.html,ok:5,korzet,elado
2052316477.html,ok:53,szoveges,elado
2052937500.html,ok:5,korzet,elado
2055277562.html,ok:5,korzet,elado
2056668099.html,ok:5,korzet,elado
2056869488.html,ok:5,korzet,elado
2057052052.html,ok:79,szoveges,elado
2058040235.html,ok:69,szoveges,elado
2058730793.html,ok:69,szoveges,elado
2058813816.html,ok:72,korzet,elado
2059750578.html,ok:60,szoveges,elado
2059902016.html,ok:60,szoveges,elado
2060053659.html,ok:5,korzet,elado
2060771528.html,ok:5,korzet,elado
2061385845.html,ok:5,korzet,elado
2061902840.html,ok:5,korzet,elado
2062587181.html,ok:67,korzet,elado
2064121773.html,ok:84,szoveges,elado
2065331153.html,ok:79,szoveges,elado
20654650500.html,ok:5,korzet,elado
2066080029.html,ok:83,szoveges,elado
2066449175.html,ok:65,korzet,elado
20667891221.html,ok:5,korzet,elado
2066811041.html,ok:5,korzet,elado
2067396986.html,ok:5,korzet,elado
20674400169.html,ok:5,korzet,elado
20679870903.html,ok:5,korzet,elado
20682410588.html,ok:5,korzet,elado
20705200454.html,ok:5,korzet,elado
20711590197.html,ok:5,korzet,elado
2071418632.html,ok:75,szoveges,elado
2071473566.html,ok:5,korzet,elado
2072159161.html,ok:5,korzet,elado
2073829256.html,ok:5,korzet,elado
2076089120.html,ok:5,korzet,elado
20765200459.html,ok:5,korzet,elado
2076712758.html,ok:5,korzet,elado
20779031212.html,ok:5,korzet,elado
2078552599.html,ok:5,korzet,elado
2078701222.html,ok:5,korzet,elado
2081515131.html,ok:5,korzet,elado
20817761206.html,ok:5,korzet,elado
2082106475.html,ok:87,szoveges,elado
2082265338.html,ok:5,korzet,elado
2083611017.html,ok:5,korzet,elado
20842820681.html,ok:5,korzet,elado
20843431751.html,ok:5,korzet,elado
20849850890.html,ok:5,korzet,elado
2085286554.html,ok:5,korzet,elado
2086097075.html,ok:5,korzet,elado
20872240592.html,ok:5,korzet,elado
20877791334.html,ok:5,korzet,elado
2087924440.html,ok:69,szoveges,elado
2088647980.html,ok:5,korzet,elado
20889260171.html,ok:5,korzet,elado
2089497554.html,ok:5,korzet,elado
20896150154.html,ok:5,korzet,elado
20898734717.html,ok:5,korzet,elado
2089886347.html,ok:5,korzet,elado
20900530298.html,ok:5,korzet,elado
20905812792.html,ok:5,korzet,elado
20911600266.html,ok:5,korzet,elado
2091779807.html,ok:5,korzet,elado
2092003411.html,ok:5,korzet,elado
20927110089.html,ok:5,korzet,elado
2092755231.html,ok:5,korzet,elado
2093041585.html,ok:50,korzet,elado
20933051636.html,ok:5,korzet,elado
2093713712.html,ok:5,korzet,elado
2094431475.html,ok:5,korzet,elado
20946900571.html,ok:5,korzet,elado
2094991328.html,ok:5,korzet,elado
2095277172.html,ok:5,korzet,elado
20954920821.html,ok:5,korzet,elado
2095784093.html,ok:60,szoveges,elado
20960610328.html,ok:5,korzet,elado
20964200820.html,ok:5,korzet,elado
2096444018.html,ok:67,szoveges,elado
20969920525.html,ok:5,korzet,elado
20971820983.html,ok:5,korzet,elado
2097340423.html,ok:72,korzet,elado
20975221600.html,ok:5,korzet,elado
20981640690.html,ok:5,korzet,elado
2098200071.html,ok:77,korzet,elado
2098892801.html,ok:73,korzet,elado
20989400600.html,ok:5,korzet,elado
20991140131.html,ok:5,korzet,elado
20991300566.html,ok:5,korzet,elado
20998862465.html,ok:5,korzet,elado
2101036922.html,ok:5,korzet,elado
2102480972.html,ok:91,szoveges,elado
2102633150.html,ok:80,szoveges,elado
2102997891.html,ok:83,korzet,elado
2104097595.html,ok:60,szoveges,elado
21052900485.html,ok:5,korzet,elado
2105566727.html,ok:5,korzet,elado
2107433959.html,ok:5,korzet,elado
2108082847.html,ok:63,korzet,elado
2108297117.html,ok:5,korzet,elado
2109218723.html,ok:70,szoveges,elado
2109689074.html,ok:53,korzet,elado
2111099383.html,ok:87,szoveges,elado
21114541220.html,ok:5,korzet,elado
21118750869.html,ok:5,korzet,elado
21123690073.html,ok:5,korzet,elado
2112622388.html,ok:5,korzet,elado
21127280185.html,ok:5,korzet,elado
21129070106.html,ok:5,korzet,elado
2113697016.html,ok:60,szoveges,elado
2114604813.html,ok:5,korzet,elado
2115765542.html,ok:5,korzet,elado
2117135128.html,ok:5,korzet,elado
2118122767.html,ok:42,szoveges,kiado
21181720197.html,ok:5,korzet,elado
2118254361.html,ok:84,szoveges,elado
2118296822.html,ok:5,korzet,elado
2118559416.html,ok:5,korzet,elado
2119048893.html,ok:5,korzet,elado
2119261236.html,ok:5,korzet,elado
2119549654.html,ok:87,szoveges,elado
21199690564.html,ok:5,korzet,elado
21204640493.html,ok:5,korzet,elado
21204923249.html,ok:5,korzet,elado
2120692509.html,ok:5,korzet,elado
2120961187.html,ok:68,korzet,elado
21217700218.html,ok:5,korzet,elado
2121856395.html,ok:5,korzet,elado
21218581339.html,ok:5,korzet,elado
2122073425.html,ok:5,korzet,elado
2122138665.html,ok:84,szoveges,elado
21221781036.html,ok:5,korzet,elado
21226690486.html,ok:5,korzet,elado
21227523078.html,ok:5,korzet,elado
21229840494.html,ok:5,korzet,elado
21237330350.html,ok:5,korzet,elado
21237832435.html,ok:5,korzet,elado
21239420199.html,ok:5,korzet,elado
2124130099.html,ok:5,korzet,elado
21243081455.html,ok:5,korzet,elado
21243482609.html,ok:5,korzet,elado
21243751234.html,ok:5,korzet,elado
2124672864.html,ok:87,szoveges,elado
21247040266.html,ok:5,korzet,elado
21247530730.html,ok:5,korzet,elado
2125439210.html,ok:5,korzet,elado
21255471403.html,ok:5,korzet,elado
2125705854.html,ok:5,korzet,elado
21259420885.html,ok:5,korzet,elado
21259880280.html,ok:5,korzet,elado
21271011247.html,ok:5,korzet,elado
21274040657.html,ok:5,korzet,elado
21279601821.html,ok:5,korzet,elado
21289860164.html,ok:5,korzet,elado
2128987124.html,ok:80,szoveges,elado
2129070364.html,ok:79,szoveges,elado
21293280408.html,ok:5,korzet,elado
21305730119.html,ok:5,korzet,elado
21314371119.html,ok:5,korzet,elado
21317721783.html,ok:5,korzet,elado
21318060721.html,ok:5,korzet,elado
21318891358.html,ok:5,korzet,elado
21320501514.html,ok:5,korzet,elado
2132058480.html,ok:74,korzet,elado
21320800617.html,ok:5,korzet,elado
21322011439.html,ok:5,korzet,elado
21322361258.html,ok:5,korzet,elado
21325281617.html,ok:5,korzet,elado
21329532542.html,ok:5,korzet,elado
21335240788.html,ok:5,korzet,elado
21337660960.html,ok:5,korzet,elado
21340250681.html,ok:5,korzet,elado
21341101794.html,ok:5,korzet,elado
21341511812.html,ok:5,korzet,elado
2134632972.html,ok:5,korzet,elado
21350120096.html,ok:5,korzet,elado
21352850964.html,ok:5,korzet,elado
21354151404.html,ok:5,korzet,elado
21355901042.html,ok:5,korzet,elado
21357470160.html,ok:5,korzet,elado
21359960811.html,ok:5,korzet,elado
2136112615.html,ok:5,korzet,elado
21362350766.html,ok:5,korzet,elado
2136314998.html,ok:74,korzet,elado
2136318750.html,ok:56,korzet,elado
21369230847.html,ok:5,korzet,elado
21373351047.html,ok:5,korzet,elado
2137381997.html,ok:5,korzet,elado
2138326177.html,ok:79,szoveges,elado
2138475372.html,ok:5,korzet,elado
21400190286.html,ok:5,korzet,elado
21405220072.html,ok:5,korzet,elado
2142305428.html,ok:5,korzet,elado
2145319122.html,ok:5,korzet,elado
2145396612.html,ok:55,szoveges,elado
21456230403.html,ok:5,korzet,elado
2145803166.html,ok:5,korzet,elado
21466590400.html,ok:5,korzet,elado
21518351806.html,ok:5,korzet,elado
21659901565.html,ok:5,korzet,elado
21661671648.html,ok:5,korzet,elado
21682240608.html,ok:5,korzet,elado
21684480479.html,ok:5,korzet,elado
21753722453.html,ok:5,korzet,elado
21767020945.html,ok:5,korzet,elado
21779200258.html,ok:5,korzet,elado
21834412888.html,ok:5,korzet,elado
21836841658.html,ok:5,korzet,elado
21871161261.html,ok:5,korzet,elado
22030864057.html,ok:5,korzet,elado
22186111069.html,ok:5,korzet,elado
22245180021.html,ok:5,korzet,elado
22356710285.html,ok:5,korzet,elado
22362480314.html,ok:5,korzet,elado
22405460083.html,ok:5,korzet,elado
22426103413.html,ok:5,korzet,elado
22457931520.html,ok:5,korzet,elado
22905895122.html,ok:5,korzet,elado
22960640419.html,ok:5,korzet,elado
23173680018.html,ok:5,korzet,elado
23369460393.html,ok:5,korzet,elado
23383230221.html,ok:5,korzet,elado
23513080599.html,ok:5,korzet,elado
246021412.html,ok:5,korzet,elado
24789170591.html,ok:5,korzet,elado
25122400808.html,ok:5,korzet,elado
25427950052.html,ok:5,korzet,elado
25793180311.html,ok:5,korzet,elado
26168570497.html,ok:5,korzet,elado
26173901043.html,ok:5,korzet,elado
26861770128.html,ok:5,korzet,elado
27053020811.html,ok:5,korzet,elado
27056070706.html,ok:5,korzet,elado
27083500576.html,ok:5,korzet,elado
28559910462.html,ok:5,korzet,elado
28578670698.html,ok:5,korzet,elado
28780310878.html,ok:5,korzet,elado
28831890553.html,ok:5,korzet,elado
28888880169.html,ok:5,korzet,elado
29831140174.html,ok:5,korzet,elado
29835950102.html,ok:5,korzet,elado
29858850019.html,ok:5,korzet,elado
29870410015.html,ok:5,korzet,elado
29872970178.html,ok:5,korzet,elado
30042580714.html,ok:5,korzet,elado
4879331218948096.html,ok:5,korzet,elado
5110988687540224.html,ok:5,korzet,elado
5413316139417600.html,ok:5,korzet,elado
5498413848985600.html,ok:5,korzet,elado
550896946.html,ok:5,korzet,elado
550896991.html,ok:5,korzet,elado
550903670.html,ok:5,korzet,elado
5589170098274304.html,ok:5,korzet,elado
5676739855122432.html,ok:5,korzet,elado
5679320375492608.html,ok:5,korzet,elado
568742121.html,ok:5,korzet,elado
569054785.html,ok:5,korzet,elado
5746304903544832.html,ok:5,korzet,elado
5923640120705024.html,ok:5,korzet,elado
6176189987946496.html,ok:5,korzet,elado
6203538980732928.html,ok:5,korzet,elado
6345090453471232.html,ok:5,korzet,elado
635379806.html,ok:5,korzet,elado
650249818.html,ok:5,korzet,elado
6507171838951424.html,ok:5,korzet,elado
652831770.html,ok:5,korzet,elado
657428503.html,ok:65,korzet,elado
657428550.html,ok:5,korzet,elado
657434057.html,ok:5,korzet,elado
6678543990521856.html,ok:5,korzet,elado
674534109.html,ok:80,korzet,elado
674534137.html,ok:80,korzet,elado
679170371.html,ok:5,korzet,elado
697598557.html,ok:5,korzet,elado
697598891.html,ok:5,korzet,elado
718304224.html,ok:5,korzet,elado
727779755.html,ok:5,korzet,elado
727780099.html,ok:5,korzet,elado
739901546.html,ok:5,korzet,elado
746056464.html,ok:5,korzet,elado
746056507.html,ok:5,korzet,elado
746056522.html,ok:5,korzet,elado
746056751.html,ok:5,korzet,elado
746056770.html,ok:5,korzet,elado
746056773.html,ok:5,korzet,elado
746056930.html,ok:5,korzet,elado
746056935.html,ok:5,korzet,elado
746056938.html,ok:5,korzet,elado
748205774.html,ok:5,korzet,elado
750662014.html,ok:56,korzet,elado
750662349.html,ok:65,korzet,elado
756111215.html,ok:5,korzet,elado
765813978.html,ok:5,korzet,elado
765816966.html,ok:5,korzet,elado
770726768.html,ok:5,korzet,elado
774053738.html,ok:5,korzet,elado
774922045.html,ok:5,korzet,elado
775513833.html,ok:5,korzet,elado
777401574.html,ok:5,korzet,elado
777602368.html,ok:60,szoveges,elado
778297365.html,ok:5,korzet,elado
778590252.html,ok:87,szoveges,elado
778614497.html,ok:5,korzet,elado
778784281.html,ok:73,szoveges,elado
780366779.html,ok:5,korzet,elado
782177019.html,ok:55,szoveges,elado
782215636.html,ok:5,korzet,elado
783218147.html,ok:5,korzet,elado
783968963.html,ok:5,korzet,elado
787529064.html,ok:71,szoveges,elado
790154720.html,ok:5,korzet,elado
791122039.html,ok:5,korzet,elado
791210857.html,ok:5,korzet,elado
791615205.html,ok:55,szoveges,elado
792152868.html,ok:5,korzet,elado
792722068.html,ok:5,korzet,elado
794611847.html,ok:5,korzet,elado
795127320.html,ok:5,korzet,elado
797845531.html,ok:5,korzet,elado
798059771.html,ok:83,korzet,elado
798580892.html,ok:60,szoveges,elado
799824227.html,ok:65,szoveges,elado
800913441.html,ok:5,korzet,elado
801923604.html,ok:66,szoveges,elado
802494783.html,ok:5,korzet,elado
802575407.html,ok:72,korzet,elado
802921061.html,ok:86,szoveges,elado
806259766.html,ok:60,szoveges,elado
806917735.html,ok:5,korzet,elado
808118316.html,ok:5,korzet,elado
810252352.html,ok:5,korzet,elado
815713961.html,ok:5,korzet,elado
817271011.html,ok:5,korzet,elado
817535406.html,ok:5,korzet,elado
818617357.html,ok:76,szoveges,elado
819980037.html,ok:84,szoveges,elado
821391016.html,ok:68,szoveges,elado
821779928.html,ok:5,korzet,elado
824944283.html,ok:60,szoveges,elado
824944972.html,ok:5,korzet,elado
825807994.html,ok:55,szoveges,elado
826320798.html,ok:5,korzet,elado
828565545.html,ok:5,korzet,elado
830368684.html,ok:83,korzet,elado
830576789.html,ok:82,szoveges,elado
831206233.html,ok:5,korzet,elado
836110669.html,ok:83,szoveges,elado
836171283.html,ok:68,korzet,elado
837690751.html,ok:84,szoveges,elado
838405011.html,ok:5,korzet,elado
840358469.html,ok:5,korzet,elado
841153116.html,ok:50,szoveges,elado
842541383.html,ok:82,szoveges,elado
843941580.html,ok:5,korzet,elado
844550972.html,ok:5,korzet,elado
846411760.html,ok:51,korzet,kiado
847084506.html,ok:85,szoveges,elado
847290836.html,ok:5,korzet,elado
847960941.html,ok:5,korzet,elado
848029715.html,ok:5,korzet,elado
848930594.html,ok:83,korzet,elado
849643658.html,ok:87,szoveges,elado
850581206.html,ok:77,korzet,elado
851702997.html,ok:73,korzet,elado
851860897.html,ok:5,korzet,elado
852760814.html,ok:5,korzet,elado
853139829.html,ok:5,korzet,elado
853145650.html,ok:5,korzet,elado
853165367.html,ok:72,szoveges,elado
854108839.html,ok:71,szoveges,elado
855126232.html,ok:84,szoveges,elado
856017317.html,ok:60,szoveges,elado
856024914.html,ok:5,korzet,elado
856491531.html,ok:5,korzet,elado
856888982.html,ok:5,korzet,elado
857980253.html,ok:5,korzet,elado
858014467.html,ok:68,szoveges,elado
858753962.html,ok:77,korzet,elado
859441315.html,ok:5,korzet,elado
860115647.html,ok:75,szoveges,elado
860820767.html,ok:5,korzet,elado
860961916.html,ok:5,korzet,elado
861245168.html,ok:5,korzet,elado
862720828.html,ok:5,korzet,elado
863014515.html,ok:5,korzet,elado
863482776.html,ok:5,korzet,elado
864018847.html,ok:5,korzet,elado
864072125.html,ok:5,korzet,elado
866200163.html,ok:5,korzet,elado
866642050.html,ok:91,szoveges,elado
866697873.html,ok:64,korzet,elado
869567484.html,ok:5,korzet,elado
870724566.html,ok:5,korzet,elado
872040690.html,ok:5,korzet,elado
874023466.html,ok:80,korzet,elado
874206968.html,ok:5,korzet,elado
875527202.html,ok:5,korzet,elado
875579357.html,ok:5,korzet,elado
875623562.html,ok:5,korzet,elado
876224367.html,ok:5,korzet,elado
876903507.html,ok:87,szoveges,elado
877000408.html,ok:5,korzet,elado
879500016.html,ok:76,korzet,elado
880097037.html,ok:5,korzet,elado
881417813.html,ok:5,korzet,elado
881668424.html,ok:5,korzet,elado
884713582.html,ok:5,korzet,elado
884786368.html,ok:83,szoveges,elado
886057784.html,ok:5,korzet,elado
886385687.html,ok:5,korzet,elado
886473371.html,ok:5,korzet,elado
886764675.html,ok:5,korzet,elado
886808582.html,ok:88,szoveges,elado
888287986.html,ok:5,korzet,elado
888688042.html,ok:5,korzet,elado
889298116.html,ok:5,korzet,elado
891581023.html,ok:5,korzet,elado
892395166.html,ok:5,korzet,elado
893901130.html,ok:5,korzet,elado
895181575.html,ok:5,korzet,elado
896150469.html,ok:87,szoveges,elado
896816823.html,ok:81,korzet,elado
898054426.html,ok:75,szoveges,elado
899077419.html,ok:5,korzet,elado
899761818.html,ok:5,korzet,elado
901503075.html,ok:69,szoveges,elado
901996913.html,ok:5,korzet,elado
902051069.html,ok:87,szoveges,elado
902227414.html,ok:5,korzet,elado
903946589.html,ok:5,korzet,elado
905068296.html,ok:5,korzet,elado
905214218.html,ok:5,korzet,elado
905340680.html,ok:5,korzet,elado
908440721.html,ok:5,korzet,elado
911453307.html,ok:5,korzet,elado
911789615.html,ok:5,korzet,elado
912688131.html,ok:5,korzet,elado
912845314.html,ok:5,korzet,elado
912879211.html,ok:5,korzet,elado
913295053.html,ok:83,szoveges,elado
914135940.html,ok:5,korzet,elado
915164001.html,ok:5,korzet,elado
916842500.html,ok:84,szoveges,elado
920833575.html,ok:83,korzet,elado
921886535.html,ok:87,szoveges,elado
922090879.html,ok:5,korzet,elado
923045818.html,ok:61,korzet,elado
924332460.html,ok:82,szoveges,elado
924938628.html,ok:79,korzet,elado
924951342.html,ok:5,korzet,elado
926750048.html,ok:5,korzet,elado
926817577.html,ok:5,korzet,elado
927573659.html,ok:5,korzet,elado
928285293.html,ok:5,korzet,elado
929398253.html,ok:5,korzet,elado
931832210.html,ok:5,korzet,elado
931949609.html,ok:83,szoveges,elado
934524484.html,ok:5,korzet,elado
936223558.html,ok:82,szoveges,elado
938061792.html,ok:85,szoveges,elado
938858229.html,ok:5,korzet,elado
939754805.html,ok:65,szoveges,elado
940705523.html,ok:5,korzet,elado
942336084.html,ok:5,korzet,elado
942407962.html,ok:5,korzet,elado
942979561.html,ok:5,korzet,elado
943468973.html,ok:60,szoveges,elado
944574521.html,ok:85,szoveges,elado
945380551.html,ok:5,korzet,elado
945486694.html,ok:60,szoveges,elado
945753722.html,ok:5,korzet,elado
945992699.html,ok:5,korzet,elado
946947113.html,ok:5,korzet,elado
947041810.html,ok:60,szoveges,elado
949154390.html,ok:5,korzet,elado
949387187.html,ok:84,szoveges,elado
949952280.html,ok:5,korzet,elado
950117470.html,ok:5,korzet,elado
950791758.html,ok:67,szoveges,elado
951530993.html,ok:5,korzet,elado
953843064.html,ok:5,korzet,elado
954065184.html,ok:56,szoveges,elado
954605675.html,ok:5,korzet,elado
955468150.html,ok:5,korzet,elado
956433146.html,ok:60,szoveges,elado
958835571.html,ok:5,korzet,elado
959711644.html,ok:5,korzet,elado
960124116.html,ok:5,korzet,elado
960701688.html,ok:5,korzet,elado
960713507.html,ok:5,korzet,elado
961988031.html,ok:60,szoveges,elado
963273254.html,ok:5,korzet,elado
964250385.html,ok:83,szoveges,elado
965518778.html,ok:5,korzet,elado
966649815.html,ok:5,korzet,elado
967188970.html,ok:5,korzet,elado
967375442.html,ok:83,korzet,elado
967571726.html,ok:5,korzet,elado
968107840.html,ok:5,korzet,elado
968660643.html,ok:5,korzet,elado
970605641.html,ok:83,korzet,elado
970900948.html,ok:5,korzet,elado
971063963.html,ok:5,korzet,elado
971363672.html,ok:5,korzet,elado
971556109.html,ok:5,korzet,elado
972690288.html,ok:5,korzet,elado
973375196.html,ok:73,szoveges,elado
973545151.html,ok:64,korzet,elado
974044369.html,ok:87,szoveges,elado
974788624.html,ok:5,korzet,elado
976052200.html,ok:5,korzet,elado
976663352.html,ok:5,korzet,elado
977343507.html,ok:5,korzet,elado
978231446.html,ok:68,szoveges,elado
979483317.html,ok:5,korzet,elado
982251536.html,ok:5,korzet,elado
984896185.html,ok:5,korzet,elado
986431479.html,ok:59,szoveges,elado
987255451.html,ok:67,szoveges,elado
988614116.html,ok:5,korzet,elado
989395958.html,ok:5,korzet,elado
989992254.html,ok:5,korzet,elado
990874795.html,ok:5,korzet,elado
992725986.html,ok:5,korzet,elado
993122207.html,ok:5,korzet,elado
993918802.html,ok:5,korzet,elado
996635370.html,ok:5,korzet,elado
997113092.html,ok:72,szoveges,elado
998289627.html,ok:73,szoveges,elado
999165886.html,ok:5,korzet,elado
999456577.html,ok:5,korzet,elado
1008353023.html,ok:67,korzet,kiado
1008354658.html,ok:39,korzet,kiado
1008425538.html,ok:53,korzet,kiado
1009456213.html,ok:74,korzet,kiado
1010283999.html,ok:75,szoveges,kiado
1011099916.html,ok:60,szoveges,elado
1016577807.html,ok:66,szoveges,kiado
1017375809.html,ok:50,korzet,elado
1024791514.html,ok:57,korzet,kiado
1027276544.html,ok:59,szoveges,kiado
1035929043.html,ok:75,szoveges,kiado
1039816286.html,ok:73,szoveges,kiado
1040503544.html,ok:78,szoveges,kiado
1042516726.html,ok:53,korzet,kiado
1046591798.html,ok:70,korzet,kiado
1046670041.html,ok:64,szoveges,kiado
1051931118.html,ok:62,korzet,elado
1060765334.html,ok:56,szoveges,kiado
1066303054.html,ok:58,szoveges,kiado
1074959693.html,ok:71,korzet,kiado
1088533232.html,ok:69,szoveges,kiado
1095335407.html,ok:52,szoveges,kiado
1119915072.html,ok:71,szoveges,kiado
1124345758.html,ok:63,korzet,kiado
1126767311.html,ok:62,korzet,kiado
1129050770.html,ok:63,korzet,kiado
1133409449.html,ok:63,korzet,kiado
1145511635.html,ok:64,szoveges,kiado
1150958574.html,ok:54,korzet,kiado
1153264411.html,ok:5,korzet,kiado
1162505514.html,ok:65,korzet,kiado
1172439713.html,ok:76,korzet,kiado
1186935211.html,ok:57,szoveges,kiado
1192180702.html,ok:58,korzet,kiado
1193259698.html,ok:68,korzet,kiado
1197834938.html,ok:53,szoveges,kiado
1209693778.html,ok:63,korzet,kiado
1209912402.html,ok:52,korzet,kiado
1215545791.html,ok:64,szoveges,kiado
1216689369.html,ok:69,korzet,kiado
1219085469.html,ok:62,korzet,kiado
1221266135.html,ok:51,korzet,kiado
1225096529.html,ok:77,korzet,kiado
1228803043.html,ok:74,korzet,kiado
1229219000.html,ok:73,korzet,elado
1235015068.html,ok:49,korzet,kiado
1235120495.html,ok:65,korzet,elado
1235781039.html,ok:54,korzet,kiado
1235900980.html,ok:64,korzet,kiado
1236714270.html,ok:80,szoveges,kiado
1239789622.html,ok:60,szoveges,kiado
1245719910.html,ok:75,szoveges,kiado
1252839633.html,ok:68,szoveges,kiado
1254858751.html,ok:70,szoveges,kiado
1256177504.html,ok:60,szoveges,elado
1259401107.html,ok:52,korzet,kiado
1275599630.html,ok:52,szoveges,kiado
1277961756.html,ok:65,szoveges,elado
1281814084.html,ok:65,korzet,kiado
1284377767.html,ok:82,szoveges,kiado
1285753887.html,ok:50,szoveges,kiado
1286396527.html,ok:73,szoveges,kiado
1288580058.html,ok:70,szoveges,kiado
1314079892.html,ok:62,korzet,kiado
1323807820.html,ok:57,korzet,kiado
1324881397.html,ok:83,szoveges,elado
1331355168.html,ok:60,korzet,kiado
1333518097.html,ok:59,szoveges,kiado
1338787509.html,ok:73,korzet,kiado
1342933774.html,ok:58,szoveges,kiado
1350237739.html,ok:83,szoveges,elado
1353730480.html,ok:68,korzet,elado
1354902724.html,ok:73,szoveges,kiado
1359248766.html,ok:72,korzet,kiado
1361369988.html,ok:74,korzet,kiado
1367938644.html,ok:63,korzet,kiado
1368234567.html,ok:50,szoveges,kiado
1370032751.html,ok:50,korzet,kiado
1371468652.html,ok:60,szoveges,kiado
1376304345.html,ok:60,szoveges,elado
1382658747.html,ok:82,szoveges,kiado
1384619345.html,ok:46,szoveges,kiado
1396165942.html,ok:74,korzet,kiado
1401348646.html,ok:80,szoveges,elado
1413519725.html,ok:62,szoveges,kiado
1414050323.html,ok:63,korzet,kiado
1417991991.html,ok:44,korzet,kiado
1422904469.html,ok:56,korzet,kiado
1423440847.html,ok:56,korzet,kiado
1425839806.html,ok:49,korzet,kiado
1430985943.html,ok:61,szoveges,kiado
1456137359.html,ok:52,korzet,kiado
1459815341.html,ok:42,szoveges,kiado
1462668262.html,ok:74,korzet,kiado
1465279888.html,ok:76,szoveges,kiado
1467575844.html,ok:68,korzet,kiado
1469193567.html,ok:52,korzet,kiado
1469680847.html,ok:62,szoveges,kiado
1493395938.html,ok:62,szoveges,kiado
1495300764.html,ok:73,szoveges,kiado
1496898117.html,ok:55,korzet,kiado
1498057567.html,ok:57,szoveges,kiado
1500510760.html,ok:52,szoveges,kiado
1501454872.html,ok:60,korzet,kiado
1509007046.html,ok:56,korzet,kiado
1511435659.html,ok:67,szoveges,elado
1524912298.html,ok:49,korzet,kiado
1526028363.html,ok:66,korzet,kiado
1534897979.html,ok:82,szoveges,elado
1541587838.html,ok:53,korzet,kiado
1549026765.html,ok:49,korzet,kiado
1554116391.html,ok:67,korzet,elado
1555370567.html,ok:48,korzet,kiado
1556529853.html,ok:62,szoveges,elado
1563113684.html,ok:70,korzet,kiado
1576443782.html,ok:77,szoveges,kiado
1590854011.html,ok:47,korzet,kiado
1594134000.html,ok:83,szoveges,elado
1601026490.html,ok:71,szoveges,kiado
1603475318.html,ok:72,szoveges,elado
1609885058.html,ok:76,korzet,kiado
1610280862.html,ok:68,szoveges,kiado
1617044355.html,ok:58,szoveges,kiado
1617071666.html,ok:56,korzet,kiado
1618487222.html,ok:66,korzet,kiado
1622249607.html,ok:54,korzet,kiado
1636192925.html,ok:83,szoveges,elado
1637008919.html,ok:75,szoveges,kiado
1648586007.html,ok:60,korzet,kiado
1653397496.html,ok:43,korzet,kiado
1655187607.html,ok:51,korzet,kiado
1657275786.html,ok:48,szoveges,kiado
1665029738.html,ok:46,korzet,elado
1665997773.html,ok:50,szoveges,kiado
1667141477.html,ok:63,korzet,kiado
1674347331.html,ok:73,korzet,kiado
1675513248.html,ok:60,szoveges,elado
1676438871.html,ok:71,korzet,elado
1680017357.html,ok:61,szoveges,kiado
1688212286.html,ok:60,korzet,kiado
1689628427.html,ok:55,korzet,kiado
1690677572.html,ok:69,korzet,elado
1692895158.html,ok:61,szoveges,kiado
1699912279.html,ok:64,korzet,kiado
1705278153.html,ok:70,szoveges,kiado
1714178765.html,ok:69,szoveges,kiado
1719207248.html,ok:66,korzet,elado
1729104182.html,ok:57,korzet,kiado
1736021562.html,ok:71,korzet,kiado
1738010933.html,ok:55,korzet,kiado
1739027146.html,ok:83,szoveges,elado
1741058986.html,ok:61,szoveges,kiado
1748601469.html,ok:66,korzet,kiado
1750492385.html,ok:75,korzet,kiado
1767988459.html,ok:60,szoveges,elado
1771938146.html,ok:66,korzet,kiado
1772557368.html,ok:52,szoveges,kiado
1775113350.html,ok:60,szoveges,kiado
1779681296.html,ok:39,korzet,kiado
1784375863.html,ok:67,korzet,kiado
1785100106.html,ok:64,szoveges,kiado
1788253082.html,ok:70,korzet,kiado
1790618659.html,ok:75,szoveges,kiado
1791479544.html,ok:61,szoveges,kiado
1803782845.html,ok:61,szoveges,kiado
1804067687.html,ok:51,korzet,kiado
1804356705.html,ok:47,szoveges,kiado
1804772146.html,ok:64,szoveges,kiado
1806896510.html,ok:70,szoveges,kiado
1811416149.html,ok:57,korzet,kiado
1812187947.html,ok:78,korzet,kiado
1816058312.html,ok:74,szoveges,kiado
1825645479.html,ok:76,korzet,kiado
1831762219.html,ok:58,szoveges,kiado
1831900655.html,ok:57,korzet,kiado
1839689391.html,ok:63,korzet,kiado
1847627741.html,ok:70,szoveges,kiado
1850799737.html,ok:70,szoveges,kiado
1855294379.html,ok:67,korzet,kiado
1858576275.html,ok:53,korzet,kiado
1861441376.html,ok:71,korzet,kiado
1865286375.html,ok:77,szoveges,kiado
1866161173.html,ok:50,korzet,kiado
1872767735.html,ok:51,korzet,kiado
1874191569.html,ok:79,szoveges,elado
1876910372.html,ok:77,szoveges,kiado
1879772231.html,ok:54,korzet,kiado
1881791302.html,ok:73,korzet,kiado
1886794994.html,ok:74,szoveges,kiado
1886930274.html,ok:54,korzet,kiado
1887367599.html,ok:64,szoveges,kiado
1889437477.html,ok:57,szoveges,kiado
1890335138.html,ok:76,korzet,kiado
1893401265.html,ok:68,szoveges,kiado
1897130863.html,ok:69,szoveges,kiado
1897396634.html,ok:47,korzet,kiado
1904256907.html,ok:71,szoveges,kiado
1904415449.html,ok:63,korzet,kiado
1910434180.html,ok:69,korzet,kiado
1916304683.html,ok:48,korzet,kiado
1919894836.html,ok:57,szoveges,kiado
1926147405.html,ok:61,szoveges,elado
1928447095.html,ok:70,korzet,kiado
1928865476.html,ok:73,korzet,kiado
1930222191.html,ok:54,szoveges,kiado
1931159696.html,ok:59,szoveges,kiado
1932423655.html,ok:67,korzet,kiado
1932891033.html,ok:76,szoveges,kiado
1934636618.html,ok:63,korzet,kiado
1937261980.html,ok:64,szoveges,kiado
1939395384.html,ok:52,szoveges,kiado
1941008894.html,ok:80,korzet,kiado
1948934454.html,ok:76,szoveges,kiado
1952524016.html,ok:68,korzet,kiado
1956276866.html,ok:54,szoveges,kiado
1958928651.html,ok:83,szoveges,elado
1959938621.html,ok:67,korzet,kiado
1960298793.html,ok:66,korzet,kiado
1960838761.html,ok:63,korzet,kiado
1962399575.html,ok:72,korzet,kiado
1969462990.html,ok:64,szoveges,kiado
1971688618.html,ok:67,korzet,kiado
1978700578.html,ok:73,korzet,kiado
1985720728.html,ok:57,korzet,kiado
1989487245.html,ok:64,szoveges,kiado
1992261704.html,ok:80,korzet,kiado
1996657862.html,ok:70,szoveges,kiado
2008567043.html,ok:74,korzet,kiado
2012832554.html,ok:56,korzet,kiado
2015684123.html,ok:75,szoveges,kiado
2017678760.html,ok:60,korzet,kiado
2025062333.html,ok:63,korzet,kiado
2034327911.html,ok:59,szoveges,elado
2037205424.html,ok:62,korzet,kiado
2045805564.html,ok:80,korzet,kiado
2051101817.html,ok:51,korzet,elado
2053576126.html,ok:60,szoveges,elado
2055371505.html,ok:82,korzet,kiado
2055537092.html,ok:56,korzet,kiado
2059921960.html,ok:49,korzet,kiado
2060758498.html,ok:43,korzet,kiado
2066500155.html,ok:71,korzet,kiado
2077142225.html,ok:66,korzet,kiado
2078323458.html,ok:71,korzet,kiado
2086162291.html,ok:48,korzet,kiado
2086552511.html,ok:60,szoveges,elado
2088140123.html,ok:66,korzet,kiado
2091733396.html,ok:80,korzet,kiado
2096515844.html,ok:68,korzet,kiado
2104582038.html,ok:52,szoveges,kiado
2109759244.html,ok:62,korzet,kiado
2109794971.html,ok:60,szoveges,elado
2110103471.html,ok:74,korzet,kiado
2112586812.html,ok:64,szoveges,kiado
2120371223.html,ok:74,korzet,kiado
2127782389.html,ok:73,szoveges,kiado
2144625533.html,ok:56,korzet,kiado
396988001.html,ok:55,korzet,kiado
568741874.html,ok:49,szoveges,kiado
631603255.html,ok:63,szoveges,kiado
697597419.html,ok:63,szoveges,kiado
727780378.html,ok:63,szoveges,kiado
746056775.html,ok:64,korzet,kiado
746056954.html,ok:57,korzet,kiado
756111713.html,ok:59,szoveges,kiado
756112200.html,ok:60,szoveges,kiado
762932570.html,ok:61,korzet,kiado
762932575.html,ok:62,korzet,kiado
764581368.html,ok:63,korzet,kiado
777402927.html,ok:64,korzet,kiado
789315029.html,ok:73,korzet,kiado
792409709.html,ok:55,korzet,kiado
796254069.html,ok:64,szoveges,elado
801613076.html,ok:74,korzet,kiado
809508167.html,ok:60,szoveges,elado
810084462.html,ok:63,korzet,kiado
811248513.html,ok:48,korzet,kiado
816114533.html,ok:68,szoveges,kiado
816596703.html,ok:50,szoveges,kiado
824643489.html,ok:59,korzet,kiado
826100072.html,ok:58,korzet,kiado
829003057.html,ok:74,korzet,kiado
834436437.html,ok:47,szoveges,kiado
835176135.html,ok:52,korzet,kiado
841326645.html,ok:61,korzet,kiado
846911780.html,ok:64,szoveges,kiado
848304023.html,ok:56,korzet,kiado
849762541.html,ok:68,szoveges,kiado
852073051.html,ok:55,korzet,kiado
857223042.html,ok:72,korzet,kiado
858739196.html,ok:78,korzet,kiado
862078539.html,ok:70,szoveges,kiado
866892823.html,ok:49,szoveges,kiado
870747112.html,ok:50,korzet,kiado
871445003.html,ok:68,szoveges,kiado
884704156.html,ok:70,szoveges,kiado
885732365.html,ok:51,korzet,kiado
889948708.html,ok:63,korzet,kiado
891792495.html,ok:70,korzet,kiado
895957006.html,ok:64,szoveges,kiado
899129425.html,ok:53,korzet,elado
900358037.html,ok:64,szoveges,kiado
901401827.html,ok:66,korzet,kiado
901531414.html,ok:53,szoveges,kiado
907061491.html,ok:50,szoveges,kiado
912932750.html,ok:70,korzet,kiado
917425905.html,ok:65,szoveges,kiado
918514780.html,ok:67,szoveges,kiado
919721763.html,ok:59,korzet,kiado
923746513.html,ok:68,korzet,kiado
924051510.html,ok:66,korzet,kiado
924652625.html,ok:79,szoveges,kiado
926065907.html,ok:60,szoveges,kiado
932593722.html,ok:45,korzet,kiado
932758465.html,ok:69,szoveges,kiado
934041890.html,ok:51,szoveges,kiado
934749515.html,ok:74,korzet,kiado
942210190.html,ok:60,szoveges,kiado
943634523.html,ok:63,korzet,kiado
945390675.html,ok:71,korzet,kiado
947489398.html,ok:48,korzet,kiado
947856615.html,ok:73,korzet,kiado
950693281.html,ok:70,korzet,kiado
955735099.html,ok:64,korzet,kiado
956152928.html,ok:61,korzet,kiado
959173857.html,ok:76,szoveges,kiado
959192624.html,ok:70,szoveges,kiado
967263163.html,ok:41,korzet,kiado
974481482.html,ok:57,korzet,kiado
974774188.html,ok:49,szoveges,kiado
976438089.html,ok:64,korzet,elado
977341493.html,ok:62,korzet,kiado
993577715.html,ok:75,korzet,kiado
997083326.html,ok:69,szoveges,kiado
