id,title,district,category,url,local_file,download_timestamp
7820384,Hirdetés #7820384,x-ker,kiado,https://ad.adverticum.net/C/7820384/7931843/793184800/1791477542047/ingatlan.com/7931847/,7820384.html,2026-10-08 18:43:15
35616235,Ingatlan kép,x-ker,kiado,https://ingatlan.com/35616235,35616235.html,2026-10-08 18:43:20
35548944,Ingatlan kép,x-ker,kiado,https://ingatlan.com/35548944,35548944.html,2026-10-08 18:43:23
35552038,Ingatlan kép,x-ker,kiado,https://ingatlan.com/35552038,35552038.html,2026-10-08 18:43:27
35590549,Ingatlan kép,x-ker,kiado,https://ingatlan.com/35590549,35590549.html,2026-10-08 18:43:30
35604617,Ingatlan kép,x-ker,kiado,https://ingatlan.com/35604617,35604617.html,2026-10-08 18:43:34
35604560,Ingatlan kép,x-ker,kiado,https://ingatlan.com/35604560,35604560.html,2026-10-08 18:43:38
33627364,Ingatlan kép,x-ker,kiado,https://ingatlan.com/33627364,33627364.html,2026-10-08 18:43:42
35406080,Ingatlan kép,x-ker,kiado,https://ingatlan.com/35406080,35406080.html,2026-10-08 18:43:46
35480248,Ingatlan kép,x-ker,kiado,https://ingatlan.com/35480248,35480248.html,2026-10-08 18:43:50
35174514,Ingatlan kép,x-ker,kiado,https://ingatlan.com/35174514,35174514.html,2026-10-08 18:43:53
35568086,Ingatlan kép,x-ker,kiado,https://ingatlan.com/35568086,35568086.html,2026-10-08 18:43:56
26294350,Ingatlan kép,x-ker,kiado,https://ingatlan.com/26294350,26294350.html,2026-10-08 18:44:00
35608313,Ingatlan kép,x-ker,kiado,https://ingatlan.com/35608313,35608313.html,2026-10-08 18:44:04
35602857,Ingatlan kép,x-ker,kiado,https://ingatlan.com/35602857,35602857.html,2026-10-08 18:44:09
35608019,Ingatlan kép,x-ker,kiado,https://ingatlan.com/35608019,35608019.html,2026-10-08 18:44:12
35608251,Ingatlan kép,x-ker,kiado,https://ingatlan.com/35608251,35608251.html,2026-10-08 18:44:15
35608201,Ingatlan kép,x-ker,kiado,https://ingatlan.com/35608201,35608201.html,2026-10-08 18:44:19
34059534,Ingatlan kép,x-ker,kiado,https://ingatlan.com/34059534,34059534.html,2026-10-08 18:44:23
35611440,Ingatlan kép,x-ker,kiado,https://ingatlan.com/35611440,35611440.html,2026-10-08 18:44:27
35613520,Ingatlan kép,x-ker,kiado,https://ingatlan.com/35613520,35613520.html,2026-10-08 18:44:32
35612416,Ingatlan kép,x-ker,kiado,https://ingatlan.com/35612416,35612416.html,2026-10-08 18:44:35
33974499,Ingatlan kép,x-ker,kiado,https://ingatlan.com/33974499,33974499.html,2026-10-08 18:44:39
35566125,Ingatlan kép,x-ker,kiado,https://ingatlan.com/35566125,35566125.html,2026-10-08 18:44:42
35615251,Ingatlan kép,x-ker,kiado,https://ingatlan.com/35615251,35615251.html,2026-10-08 18:44:46
35615148,Ingatlan kép,x-ker,kiado,https://ingatlan.com/35615148,35615148.html,2026-10-08 18:44:49
35615084,Ingatlan kép,x-ker,kiado,https://ingatlan.com/35615084,35615084.html,2026-10-08 18:44:53
35617113,Ingatlan kép,x-ker,kiado,https://ingatlan.com/35617113,35617113.html,2026-10-08 18:44:56
35605029,Ingatlan kép,x-ker,kiado,https://ingatlan.com/35605029,35605029.html,2026-10-08 18:45:00
35602460,Ingatlan kép,x-ker,kiado,https://ingatlan.com/35602460,35602460.html,2026-10-08 18:45:04
35620991,Ingatlan kép,x-ker,kiado,https://ingatlan.com/35620991,35620991.html,2026-10-08 18:45:07
35623052,Ingatlan kép,x-ker,kiado,https://ingatlan.com/35623052,35623052.html,2026-10-08 18:45:10
33258887,Ingatlan kép,x-ker,kiado,https://ingatlan.com/33258887,33258887.html,2026-10-08 18:45:15
35229910,Ingatlan kép,x-ker,kiado,https://ingatlan.com/35229910,35229910.html,2026-10-08 18:45:19
35547847,Ingatlan kép,x-ker,kiado,https://ingatlan.com/35547847,35547847.html,2026-10-08 18:45:23
35578446,Ingatlan kép,x-ker,kiado,https://ingatlan.com/35578446,35578446.html,2026-10-08 18:45:26
35356139,Ingatlan kép,x-ker,kiado,https://ingatlan.com/35356139,35356139.html,2026-10-08 18:45:29
35620379,Ingatlan kép,x-ker,kiado,https://ingatlan.com/35620379,35620379.html,2026-10-08 18:45:33
35619965,Ingatlan kép,x-ker,kiado,https://ingatlan.com/35619965,35619965.html,2026-10-08 18:45:37
35541519,Ingatlan kép,x-ker,kiado,https://ingatlan.com/35541519,35541519.html,2026-10-08 18:45:40
34812133,Ingatlan kép,x-ker,kiado,https://ingatlan.com/34812133,34812133.html,2026-10-08 18:45:43
4650511,Hirdetés #4650511,x-ker,kiado,https://ad.adverticum.net/C/4650511/7861666/786166100/1791477552584/ingatlan.com/7861660/,4650511.html,2026-10-08 18:45:48
35614029,Ingatlan kép,x-ker,kiado,https://ingatlan.com/35614029,35614029.html,2026-10-08 18:45:52
35612737,Ingatlan kép,x-ker,kiado,https://ingatlan.com/35612737,35612737.html,2026-10-08 18:45:56
35614102,Ingatlan kép,x-ker,kiado,https://ingatlan.com/35614102,35614102.html,2026-10-08 18:45:59
35599337,Ingatlan kép,x-ker,kiado,https://ingatlan.com/35599337,35599337.html,2026-10-08 18:46:02
35480949,Ingatlan kép,x-ker,kiado,https://ingatlan.com/35480949,35480949.html,2026-10-08 18:46:06
35589507,Ingatlan kép,x-ker,kiado,https://ingatlan.com/35589507,35589507.html,2026-10-08 18:46:09
35598441,Ingatlan kép,x-ker,kiado,https://ingatlan.com/35598441,35598441.html,2026-10-08 18:46:12
25692757,Ingatlan kép,x-ker,kiado,https://ingatlan.com/25692757,25692757.html,2026-10-08 18:46:16
35615929,Ingatlan kép,x-ker,kiado,https://ingatlan.com/35615929,35615929.html,2026-10-08 18:46:19
35620173,Ingatlan kép,x-ker,kiado,https://ingatlan.com/35620173,35620173.html,2026-10-08 18:46:23
35622623,Ingatlan kép,x-ker,kiado,https://ingatlan.com/35622623,35622623.html,2026-10-08 18:46:28
33258900,Ingatlan kép,x-ker,kiado,https://ingatlan.com/33258900,33258900.html,2026-10-08 18:46:31
35529457,Ingatlan kép,x-ker,kiado,https://ingatlan.com/35529457,35529457.html,2026-10-08 18:46:34
35590837,Ingatlan kép,x-ker,kiado,https://ingatlan.com/35590837,35590837.html,2026-10-08 18:46:38
34892873,Ingatlan kép,x-ker,kiado,https://ingatlan.com/34892873,34892873.html,2026-10-08 18:46:41
34947562,Ingatlan kép,x-ker,kiado,https://ingatlan.com/34947562,34947562.html,2026-10-08 18:46:44
35559253,Ingatlan kép,x-ker,kiado,https://ingatlan.com/35559253,35559253.html,2026-10-08 18:46:48
35590825,Ingatlan kép,x-ker,kiado,https://ingatlan.com/35590825,35590825.html,2026-10-08 18:46:52
35619312,Ingatlan kép,x-ker,kiado,https://ingatlan.com/35619312,35619312.html,2026-10-08 18:46:55
34355335,Ingatlan kép,x-ker,kiado,https://ingatlan.com/34355335,34355335.html,2026-10-08 18:47:05
33412219,Ingatlan kép,x-ker,kiado,https://ingatlan.com/33412219,33412219.html,2026-10-08 18:47:08
35552588,Ingatlan kép,x-ker,kiado,https://ingatlan.com/35552588,35552588.html,2026-10-08 18:47:12
34881070,Ingatlan kép,x-ker,kiado,https://ingatlan.com/34881070,34881070.html,2026-10-08 18:47:15
35509879,Ingatlan kép,x-ker,kiado,https://ingatlan.com/35509879,35509879.html,2026-10-08 18:47:18
35493182,Ingatlan kép,x-ker,kiado,https://ingatlan.com/35493182,35493182.html,2026-10-08 18:47:22
35593842,Ingatlan kép,x-ker,kiado,https://ingatlan.com/35593842,35593842.html,2026-10-08 18:47:25
35360825,Ingatlan kép,x-ker,kiado,https://ingatlan.com/35360825,35360825.html,2026-10-08 18:47:29
29305502,Ingatlan kép,x-ker,kiado,https://ingatlan.com/29305502,29305502.html,2026-10-08 18:47:33
31773364,Ingatlan kép,x-ker,kiado,https://ingatlan.com/31773364,31773364.html,2026-10-08 18:47:37
35618323,Ingatlan kép,x-ker,kiado,https://ingatlan.com/35618323,35618323.html,2026-10-08 18:47:40
29164562,Ingatlan kép,x-ker,kiado,https://ingatlan.com/29164562,29164562.html,2026-10-08 18:47:43
29062328,Ingatlan kép,x-ker,kiado,https://ingatlan.com/29062328,29062328.html,2026-10-08 18:47:46
24005111,Ingatlan kép,x-ker,kiado,https://ingatlan.com/24005111,24005111.html,2026-10-08 18:47:50
35225840,Ingatlan kép,x-ker,kiado,https://ingatlan.com/35225840,35225840.html,2026-10-08 18:47:53
35034287,Ingatlan kép,x-ker,kiado,https://ingatlan.com/35034287,35034287.html,2026-10-08 18:47:56
35315910,Ingatlan kép,x-ker,kiado,https://ingatlan.com/35315910,35315910.html,2026-10-08 18:48:00
35315967,Ingatlan kép,x-ker,kiado,https://ingatlan.com/35315967,35315967.html,2026-10-08 18:48:04
35315958,Ingatlan kép,x-ker,kiado,https://ingatlan.com/35315958,35315958.html,2026-10-08 18:48:07
35510019,Ingatlan kép,x-ker,kiado,https://ingatlan.com/35510019,35510019.html,2026-10-08 18:48:12
33258962,Ingatlan kép,x-ker,kiado,https://ingatlan.com/33258962,33258962.html,2026-10-08 18:48:15
29032175,Ingatlan kép,x-ker,kiado,https://ingatlan.com/29032175,29032175.html,2026-10-08 18:48:19
34895933,Ingatlan kép,x-ker,kiado,https://ingatlan.com/34895933,34895933.html,2026-10-08 18:48:23
29535128,Ingatlan kép,x-ker,kiado,https://ingatlan.com/29535128,29535128.html,2026-10-08 18:48:28
35460366,Ingatlan kép,x-ker,kiado,https://ingatlan.com/35460366,35460366.html,2026-10-08 18:48:32
34169791,Ingatlan kép,x-ker,kiado,https://ingatlan.com/34169791,34169791.html,2026-10-08 18:48:35
35205432,Ingatlan kép,x-ker,kiado,https://ingatlan.com/35205432,35205432.html,2026-10-08 18:48:39
35212576,Ingatlan kép,x-ker,kiado,https://ingatlan.com/35212576,35212576.html,2026-10-08 18:48:43
35612094,Ingatlan kép,x-ker,kiado,https://ingatlan.com/35612094,35612094.html,2026-10-08 18:48:47
33258974,Ingatlan kép,x-ker,kiado,https://ingatlan.com/33258974,33258974.html,2026-10-08 18:48:50
33885765,Ingatlan kép,x-ker,kiado,https://ingatlan.com/33885765,33885765.html,2026-10-08 18:48:55
32329506,Ingatlan kép,x-ker,kiado,https://ingatlan.com/32329506,32329506.html,2026-10-08 18:48:59
34501115,Ingatlan kép,x-ker,kiado,https://ingatlan.com/34501115,34501115.html,2026-10-08 18:49:03
35449510,Ingatlan kép,x-ker,kiado,https://ingatlan.com/35449510,35449510.html,2026-10-08 18:49:06
35522694,Ingatlan kép,x-ker,kiado,https://ingatlan.com/35522694,35522694.html,2026-10-08 18:49:10
35449424,Ingatlan kép,x-ker,kiado,https://ingatlan.com/35449424,35449424.html,2026-10-08 18:49:13
35486222,Ingatlan kép,x-ker,kiado,https://ingatlan.com/35486222,35486222.html,2026-10-08 18:49:16
35504765,Ingatlan kép,x-ker,kiado,https://ingatlan.com/35504765,35504765.html,2026-10-08 18:49:20
35575749,Ingatlan kép,x-ker,kiado,https://ingatlan.com/35575749,35575749.html,2026-10-08 18:49:24
35575731,Ingatlan kép,x-ker,kiado,https://ingatlan.com/35575731,35575731.html,2026-10-08 18:49:28
35598424,Ingatlan kép,x-ker,kiado,https://ingatlan.com/35598424,35598424.html,2026-10-08 18:49:32
7561173,Hirdetés #7561173,x-ker,kiado,https://ad.adverticum.net/C/7561173/7933664/793367200/1791477581249/ingatlan.com/7933669/,7561173.html,2026-10-08 18:49:35
35590108,Ingatlan kép,x-ker,kiado,https://ingatlan.com/35590108,35590108.html,2026-10-08 18:49:40
35616710,Ingatlan kép,x-ker,kiado,https://ingatlan.com/35616710,35616710.html,2026-10-08 18:49:43
7047571,Ingatlan kép,x-ker,kiado,https://ingatlan.com/7047571,7047571.html,2026-10-08 18:49:46
32221699,Ingatlan kép,x-ker,kiado,https://ingatlan.com/32221699,32221699.html,2026-10-08 18:49:50
32221677,Ingatlan kép,x-ker,kiado,https://ingatlan.com/32221677,32221677.html,2026-10-08 18:49:54
34543710,Ingatlan kép,x-ker,kiado,https://ingatlan.com/34543710,34543710.html,2026-10-08 18:49:57
35315911,Ingatlan kép,x-ker,kiado,https://ingatlan.com/35315911,35315911.html,2026-10-08 18:50:01
32221750,Ingatlan kép,x-ker,kiado,https://ingatlan.com/32221750,32221750.html,2026-10-08 18:50:05
3975308,Ingatlan kép,x-ker,kiado,https://ingatlan.com/3975308,3975308.html,2026-10-08 18:50:09
35584689,Ingatlan kép,x-ker,kiado,https://ingatlan.com/35584689,35584689.html,2026-10-08 18:50:12
21577488,Ingatlan kép,x-ker,kiado,https://ingatlan.com/21577488,21577488.html,2026-10-08 18:50:16
35451170,Ingatlan kép,x-ker,kiado,https://ingatlan.com/35451170,35451170.html,2026-10-08 18:50:20
6742540,Ingatlan kép,x-ker,kiado,https://ingatlan.com/6742540,6742540.html,2026-10-08 18:50:23
29474912,Ingatlan kép,x-ker,kiado,https://ingatlan.com/29474912,29474912.html,2026-10-08 18:50:26
6254735,Ingatlan kép,x-ker,kiado,https://ingatlan.com/6254735,6254735.html,2026-10-08 18:50:29
21464111,Ingatlan kép,x-ker,kiado,https://ingatlan.com/21464111,21464111.html,2026-10-08 18:50:32
5339459,Ingatlan kép,x-ker,kiado,https://ingatlan.com/5339459,5339459.html,2026-10-08 18:50:35
32221542,Ingatlan kép,x-ker,kiado,https://ingatlan.com/32221542,32221542.html,2026-10-08 18:50:39
33612266,Ingatlan kép,x-ker,kiado,https://ingatlan.com/33612266,33612266.html,2026-10-08 18:50:44
34144588,Ingatlan kép,x-ker,kiado,https://ingatlan.com/34144588,34144588.html,2026-10-08 18:50:46
34541425,Ingatlan kép,x-ker,kiado,https://ingatlan.com/34541425,34541425.html,2026-10-08 18:50:50
34541195,Ingatlan kép,x-ker,kiado,https://ingatlan.com/34541195,34541195.html,2026-10-08 18:50:53
33215232,Ingatlan kép,x-ker,kiado,https://ingatlan.com/33215232,33215232.html,2026-10-08 18:50:56
35601995,Ingatlan kép,x-ker,kiado,https://ingatlan.com/35601995,35601995.html,2026-10-08 18:51:00
35482831,Ingatlan kép,x-ker,kiado,https://ingatlan.com/35482831,35482831.html,2026-10-08 18:51:11
34866576,Ingatlan kép,x-ker,kiado,https://ingatlan.com/34866576,34866576.html,2026-10-08 18:51:15
5543129,Ingatlan kép,x-ker,kiado,https://ingatlan.com/5543129,5543129.html,2026-10-08 18:51:19
35036296,Ingatlan kép,x-ker,kiado,https://ingatlan.com/35036296,35036296.html,2026-10-08 18:51:24
35276851,Ingatlan kép,x-ker,kiado,https://ingatlan.com/35276851,35276851.html,2026-10-08 18:51:28
35586055,Nincs kép,x-ker,kiado,https://ingatlan.com/35586055,35586055.html,2026-10-08 18:51:32
32711146,Ingatlan kép,x-ker,kiado,https://ingatlan.com/32711146,32711146.html,2026-10-08 18:51:36
35206250,Ingatlan kép,x-ker,kiado,https://ingatlan.com/35206250,35206250.html,2026-10-08 18:51:39
34954920,Ingatlan kép,x-ker,kiado,https://ingatlan.com/34954920,34954920.html,2026-10-08 18:51:43
35366294,Ingatlan kép,x-ker,kiado,https://ingatlan.com/35366294,35366294.html,2026-10-08 18:51:47
32815501,Ingatlan kép,x-ker,kiado,https://ingatlan.com/32815501,32815501.html,2026-10-08 18:51:51
35360865,Ingatlan kép,x-ker,kiado,https://ingatlan.com/35360865,35360865.html,2026-10-08 18:51:55
33943148,Ingatlan kép,x-ker,kiado,https://ingatlan.com/33943148,33943148.html,2026-10-08 18:51:59
35605017,Ingatlan kép,x-ker,kiado,https://ingatlan.com/35605017,35605017.html,2026-10-08 18:52:03
4124502,Ingatlan kép,x-ker,kiado,https://ingatlan.com/4124502,4124502.html,2026-10-08 18:52:07
35600402,Ingatlan kép,x-ker,kiado,https://ingatlan.com/35600402,35600402.html,2026-10-08 18:52:11
31524341,Ingatlan kép,x-ker,kiado,https://ingatlan.com/31524341,31524341.html,2026-10-08 18:52:15
34543467,Ingatlan kép,x-ker,kiado,https://ingatlan.com/34543467,34543467.html,2026-10-08 18:52:19
31643530,Ingatlan kép,x-ker,kiado,https://ingatlan.com/31643530,31643530.html,2026-10-08 18:52:23
35223013,Ingatlan kép,x-ker,kiado,https://ingatlan.com/35223013,35223013.html,2026-10-08 18:52:27
35591437,Ingatlan kép,x-ker,kiado,https://ingatlan.com/35591437,35591437.html,2026-10-08 18:52:29
33120064,Ingatlan kép,x-ker,kiado,https://ingatlan.com/33120064,33120064.html,2026-10-08 18:52:33
35495587,Ingatlan kép,x-ker,kiado,https://ingatlan.com/35495587,35495587.html,2026-10-08 18:52:37
35591451,Ingatlan kép,x-ker,kiado,https://ingatlan.com/35591451,35591451.html,2026-10-08 18:52:41
31495758,Ingatlan kép,x-ker,kiado,https://ingatlan.com/31495758,31495758.html,2026-10-08 18:52:46
35476419,Ingatlan kép,x-ker,kiado,https://ingatlan.com/35476419,35476419.html,2026-10-08 18:52:49
35468797,Ingatlan kép,x-ker,kiado,https://ingatlan.com/35468797,35468797.html,2026-10-08 18:52:53
35541471,Ingatlan kép,x-ker,kiado,https://ingatlan.com/35541471,35541471.html,2026-10-08 18:52:56
35559275,Ingatlan kép,x-ker,kiado,https://ingatlan.com/35559275,35559275.html,2026-10-08 18:53:00
35521671,Ingatlan kép,x-ker,kiado,https://ingatlan.com/35521671,35521671.html,2026-10-08 18:53:04
35591458,Ingatlan kép,x-ker,kiado,https://ingatlan.com/35591458,35591458.html,2026-10-08 18:53:08
34135410,Ingatlan kép,x-ker,kiado,https://ingatlan.com/34135410,34135410.html,2026-10-08 18:53:11
32637205,Ingatlan kép,x-ker,kiado,https://ingatlan.com/32637205,32637205.html,2026-10-08 18:53:15
35616052,Ingatlan kép,x-ker,kiado,https://ingatlan.com/35616052,35616052.html,2026-10-08 18:53:18
26173335,Ingatlan kép,x-ker,kiado,https://ingatlan.com/26173335,26173335.html,2026-10-08 18:53:21
33899453,Ingatlan kép,x-ker,kiado,https://ingatlan.com/33899453,33899453.html,2026-10-08 18:53:24
35453043,Nincs kép,x-ker,kiado,https://ingatlan.com/35453043,35453043.html,2026-10-08 18:53:28
35556202,Nincs kép,x-ker,kiado,https://ingatlan.com/35556202,35556202.html,2026-10-08 18:53:31
35487926,Nincs kép,x-ker,kiado,https://ingatlan.com/35487926,35487926.html,2026-10-08 18:53:35
28477364,Ingatlan kép,x-ker,kiado,https://ingatlan.com/28477364,28477364.html,2026-10-08 18:53:39
35538249,Nincs kép,x-ker,kiado,https://ingatlan.com/35538249,35538249.html,2026-10-08 18:53:43
35520137,Nincs kép,x-ker,kiado,https://ingatlan.com/35520137,35520137.html,2026-10-08 18:53:48
35435897,Nincs kép,x-ker,kiado,https://ingatlan.com/35435897,35435897.html,2026-10-08 18:53:51
32947379,Ingatlan kép,x-ker,kiado,https://ingatlan.com/32947379,32947379.html,2026-10-08 18:53:55
34246507,Ingatlan kép,x-ker,kiado,https://ingatlan.com/34246507,34246507.html,2026-10-08 18:53:58
20402022,Nincs kép,x-ker,kiado,https://ingatlan.com/20402022,20402022.html,2026-10-08 18:54:01
34549565,Ingatlan kép,x-ker,kiado,https://ingatlan.com/34549565,34549565.html,2026-10-08 18:54:05
34996960,Ingatlan kép,x-ker,kiado,https://ingatlan.com/34996960,34996960.html,2026-10-08 18:54:09
35583352,Nincs kép,x-ker,kiado,https://ingatlan.com/35583352,35583352.html,2026-10-08 18:54:13
35575455,Nincs kép,x-ker,kiado,https://ingatlan.com/35575455,35575455.html,2026-10-08 18:54:16
35575433,Nincs kép,x-ker,kiado,https://ingatlan.com/35575433,35575433.html,2026-10-08 18:54:19
35573553,Nincs kép,x-ker,kiado,https://ingatlan.com/35573553,35573553.html,2026-10-08 18:54:23
35561976,Nincs kép,x-ker,kiado,https://ingatlan.com/35561976,35561976.html,2026-10-08 18:54:26
35558628,Ingatlan kép,x-ker,kiado,https://ingatlan.com/35558628,35558628.html,2026-10-08 18:54:29
35547637,Nincs kép,x-ker,kiado,https://ingatlan.com/35547637,35547637.html,2026-10-08 18:54:33
35543977,Ingatlan kép,x-ker,kiado,https://ingatlan.com/35543977,35543977.html,2026-10-08 18:54:36
35484217,Ingatlan kép,x-ker,kiado,https://ingatlan.com/35484217,35484217.html,2026-10-08 18:54:39
31708398,Nincs kép,x-ker,kiado,https://ingatlan.com/31708398,31708398.html,2026-10-08 18:54:43
34894964,Ingatlan kép,x-ker,kiado,https://ingatlan.com/34894964,34894964.html,2026-10-08 18:54:47
33400725,Nincs kép,x-ker,kiado,https://ingatlan.com/33400725,33400725.html,2026-10-08 18:54:51
35169465,Ingatlan kép,x-ker,kiado,https://ingatlan.com/35169465,35169465.html,2026-10-08 18:54:55
35534558,Ingatlan kép,x-ker,kiado,https://ingatlan.com/35534558,35534558.html,2026-10-08 18:55:14
29153105,Ingatlan kép,x-ker,kiado,https://ingatlan.com/29153105,29153105.html,2026-10-08 18:55:17
33812904,Ingatlan kép,x-ker,kiado,https://ingatlan.com/33812904,33812904.html,2026-10-08 18:55:21
34245668,Nincs kép,x-ker,kiado,https://ingatlan.com/34245668,34245668.html,2026-10-08 18:55:26
34894967,Ingatlan kép,x-ker,kiado,https://ingatlan.com/34894967,34894967.html,2026-10-08 18:55:29
23483214,Ingatlan kép,x-ker,kiado,https://ingatlan.com/23483214,23483214.html,2026-10-08 18:55:33
34838716,Ingatlan kép,x-ker,kiado,https://ingatlan.com/34838716,34838716.html,2026-10-08 18:55:36
35233479,Ingatlan kép,x-ker,kiado,https://ingatlan.com/35233479,35233479.html,2026-10-08 18:55:40
35561748,Ingatlan kép,x-ker,kiado,https://ingatlan.com/35561748,35561748.html,2026-10-08 18:55:44
35575489,Ingatlan kép,x-ker,kiado,https://ingatlan.com/35575489,35575489.html,2026-10-08 18:55:46
35476226,Ingatlan kép,x-ker,kiado,https://ingatlan.com/35476226,35476226.html,2026-10-08 18:55:50
35134902,Ingatlan kép,x-ker,kiado,https://ingatlan.com/35134902,35134902.html,2026-10-08 18:55:53
35057031,Nincs kép,x-ker,kiado,https://ingatlan.com/35057031,35057031.html,2026-10-08 18:55:57
34789187,Ingatlan kép,x-ker,kiado,https://ingatlan.com/34789187,34789187.html,2026-10-08 18:56:01
33649503,Ingatlan kép,x-ker,kiado,https://ingatlan.com/33649503,33649503.html,2026-10-08 18:56:05
34982570,Ingatlan kép,x-ker,kiado,https://ingatlan.com/34982570,34982570.html,2026-10-08 18:56:09
35258267,Nincs kép,x-ker,kiado,https://ingatlan.com/35258267,35258267.html,2026-10-08 18:56:12
35581803,Ingatlan kép,x-ker,kiado,https://ingatlan.com/35581803,35581803.html,2026-10-08 18:56:16
34851721,Nincs kép,x-ker,kiado,https://ingatlan.com/34851721,34851721.html,2026-10-08 18:56:19
34335207,Ingatlan kép,x-ker,kiado,https://ingatlan.com/34335207,34335207.html,2026-10-08 18:56:22
35449465,Ingatlan kép,x-ker,kiado,https://ingatlan.com/35449465,35449465.html,2026-10-08 18:56:25
34981935,Nincs kép,x-ker,kiado,https://ingatlan.com/34981935,34981935.html,2026-10-08 18:56:29
35485221,Ingatlan kép,x-ker,kiado,https://ingatlan.com/35485221,35485221.html,2026-10-08 18:56:32
34776769,Nincs kép,x-ker,kiado,https://ingatlan.com/34776769,34776769.html,2026-10-08 18:56:35
35620237,Ingatlan kép,x-ker,kiado,https://ingatlan.com/35620237,35620237.html,2026-10-08 18:56:40
33706361,Ingatlan kép,x-ker,kiado,https://ingatlan.com/33706361,33706361.html,2026-10-08 18:56:43
35354030,Nincs kép,x-ker,kiado,https://ingatlan.com/35354030,35354030.html,2026-10-08 18:56:46
33336258,Nincs kép,x-ker,kiado,https://ingatlan.com/33336258,33336258.html,2026-10-08 18:56:50
32424376,Ingatlan kép,x-ker,kiado,https://ingatlan.com/32424376,32424376.html,2026-10-08 18:56:54
33639033,Ingatlan kép,x-ker,kiado,https://ingatlan.com/33639033,33639033.html,2026-10-08 18:56:57
32944971,Ingatlan kép,x-ker,kiado,https://ingatlan.com/32944971,32944971.html,2026-10-08 18:57:01
35558980,Ingatlan kép,x-ker,kiado,https://ingatlan.com/35558980,35558980.html,2026-10-08 18:57:05
30798475,Ingatlan kép,x-ker,kiado,https://ingatlan.com/30798475,30798475.html,2026-10-08 18:57:08
35400058,Ingatlan kép,x-ker,kiado,https://ingatlan.com/35400058,35400058.html,2026-10-08 18:57:11
35531848,Ingatlan kép,x-ker,kiado,https://ingatlan.com/35531848,35531848.html,2026-10-08 18:57:15
33611147,Ingatlan kép,x-ker,kiado,https://ingatlan.com/33611147,33611147.html,2026-10-08 18:57:19
35608647,Ingatlan kép,x-ker,kiado,https://ingatlan.com/35608647,35608647.html,2026-10-08 18:57:22
35615391,Ingatlan kép,x-ker,kiado,https://ingatlan.com/35615391,35615391.html,2026-10-08 18:57:26
33611097,Ingatlan kép,x-ker,kiado,https://ingatlan.com/33611097,33611097.html,2026-10-08 18:57:30
35586438,Ingatlan kép,x-ker,kiado,https://ingatlan.com/35586438,35586438.html,2026-10-08 18:57:34
33976406,Ingatlan kép,x-ker,kiado,https://ingatlan.com/33976406,33976406.html,2026-10-08 18:57:39
35611886,Ingatlan kép,x-ker,kiado,https://ingatlan.com/35611886,35611886.html,2026-10-08 18:57:43
35595997,Ingatlan kép,x-ker,kiado,https://ingatlan.com/35595997,35595997.html,2026-10-08 18:57:46
35623119,Ingatlan kép,x-ker,kiado,https://ingatlan.com/35623119,35623119.html,2026-10-08 18:57:49
35623029,Ingatlan kép,x-ker,kiado,https://ingatlan.com/35623029,35623029.html,2026-10-08 18:57:52
35620324,Nincs kép,x-ker,kiado,https://ingatlan.com/35620324,35620324.html,2026-10-08 18:57:56
35619996,Nincs kép,x-ker,kiado,https://ingatlan.com/35619996,35619996.html,2026-10-08 18:58:00
35619891,Ingatlan kép,x-ker,kiado,https://ingatlan.com/35619891,35619891.html,2026-10-08 18:58:04
35619095,Nincs kép,x-ker,kiado,https://ingatlan.com/35619095,35619095.html,2026-10-08 18:58:07
35618952,Ingatlan kép,x-ker,kiado,https://ingatlan.com/35618952,35618952.html,2026-10-08 18:58:11
35617423,Ingatlan kép,x-ker,kiado,https://ingatlan.com/35617423,35617423.html,2026-10-08 18:58:15
35616455,Ingatlan kép,x-ker,kiado,https://ingatlan.com/35616455,35616455.html,2026-10-08 18:58:19
35616440,Nincs kép,x-ker,kiado,https://ingatlan.com/35616440,35616440.html,2026-10-08 18:58:23
35615479,Ingatlan kép,x-ker,kiado,https://ingatlan.com/35615479,35615479.html,2026-10-08 18:58:26
35615358,Nincs kép,x-ker,kiado,https://ingatlan.com/35615358,35615358.html,2026-10-08 18:58:31
35615194,Nincs kép,x-ker,kiado,https://ingatlan.com/35615194,35615194.html,2026-10-08 18:58:35
35614642,Ingatlan kép,x-ker,kiado,https://ingatlan.com/35614642,35614642.html,2026-10-08 18:58:38
35614434,Ingatlan kép,x-ker,kiado,https://ingatlan.com/35614434,35614434.html,2026-10-08 18:58:42
35613693,Ingatlan kép,x-ker,kiado,https://ingatlan.com/35613693,35613693.html,2026-10-08 18:58:45
35612888,Ingatlan kép,x-ker,kiado,https://ingatlan.com/35612888,35612888.html,2026-10-08 18:58:55
35612219,Nincs kép,x-ker,kiado,https://ingatlan.com/35612219,35612219.html,2026-10-08 18:58:58
35609129,Ingatlan kép,x-ker,kiado,https://ingatlan.com/35609129,35609129.html,2026-10-08 18:59:01
35608897,Ingatlan kép,x-ker,kiado,https://ingatlan.com/35608897,35608897.html,2026-10-08 18:59:05
35607484,Nincs kép,x-ker,kiado,https://ingatlan.com/35607484,35607484.html,2026-10-08 18:59:08
35607337,Ingatlan kép,x-ker,kiado,https://ingatlan.com/35607337,35607337.html,2026-10-08 18:59:11
35606887,Nincs kép,x-ker,kiado,https://ingatlan.com/35606887,35606887.html,2026-10-08 18:59:15
35606401,Nincs kép,x-ker,kiado,https://ingatlan.com/35606401,35606401.html,2026-10-08 18:59:19
35605902,Ingatlan kép,x-ker,kiado,https://ingatlan.com/35605902,35605902.html,2026-10-08 18:59:23
35603212,Ingatlan kép,x-ker,kiado,https://ingatlan.com/35603212,35603212.html,2026-10-08 18:59:27
35603080,Ingatlan kép,x-ker,kiado,https://ingatlan.com/35603080,35603080.html,2026-10-08 18:59:31
35602430,Nincs kép,x-ker,kiado,https://ingatlan.com/35602430,35602430.html,2026-10-08 18:59:34
35601950,Nincs kép,x-ker,kiado,https://ingatlan.com/35601950,35601950.html,2026-10-08 18:59:38
35601561,Ingatlan kép,x-ker,kiado,https://ingatlan.com/35601561,35601561.html,2026-10-08 18:59:41
35601479,Ingatlan kép,x-ker,kiado,https://ingatlan.com/35601479,35601479.html,2026-10-08 18:59:45
35599458,Ingatlan kép,x-ker,kiado,https://ingatlan.com/35599458,35599458.html,2026-10-08 18:59:48
35598079,Nincs kép,x-ker,kiado,https://ingatlan.com/35598079,35598079.html,2026-10-08 18:59:52
35596595,Ingatlan kép,x-ker,kiado,https://ingatlan.com/35596595,35596595.html,2026-10-08 18:59:56
35594983,Ingatlan kép,x-ker,kiado,https://ingatlan.com/35594983,35594983.html,2026-10-08 19:00:01
35594157,Ingatlan kép,x-ker,kiado,https://ingatlan.com/35594157,35594157.html,2026-10-08 19:00:04
35593478,Ingatlan kép,x-ker,kiado,https://ingatlan.com/35593478,35593478.html,2026-10-08 19:00:07
35592858,Ingatlan kép,x-ker,kiado,https://ingatlan.com/35592858,35592858.html,2026-10-08 19:00:11
35592074,Nincs kép,x-ker,kiado,https://ingatlan.com/35592074,35592074.html,2026-10-08 19:00:15
35591870,Nincs kép,x-ker,kiado,https://ingatlan.com/35591870,35591870.html,2026-10-08 19:00:19
35591283,Ingatlan kép,x-ker,kiado,https://ingatlan.com/35591283,35591283.html,2026-10-08 19:00:22
35590325,Ingatlan kép,x-ker,kiado,https://ingatlan.com/35590325,35590325.html,2026-10-08 19:00:26
35588704,Nincs kép,x-ker,kiado,https://ingatlan.com/35588704,35588704.html,2026-10-08 19:00:29
35588586,Ingatlan kép,x-ker,kiado,https://ingatlan.com/35588586,35588586.html,2026-10-08 19:00:33
35588574,Nincs kép,x-ker,kiado,https://ingatlan.com/35588574,35588574.html,2026-10-08 19:00:37
35584741,Ingatlan kép,x-ker,kiado,https://ingatlan.com/35584741,35584741.html,2026-10-08 19:00:40
35582920,Nincs kép,x-ker,kiado,https://ingatlan.com/35582920,35582920.html,2026-10-08 19:00:44
35580349,Ingatlan kép,x-ker,kiado,https://ingatlan.com/35580349,35580349.html,2026-10-08 19:00:48
35579337,Nincs kép,x-ker,kiado,https://ingatlan.com/35579337,35579337.html,2026-10-08 19:00:52
35577629,Nincs kép,x-ker,kiado,https://ingatlan.com/35577629,35577629.html,2026-10-08 19:00:56
35577196,Nincs kép,x-ker,kiado,https://ingatlan.com/35577196,35577196.html,2026-10-08 19:01:00
35576637,Nincs kép,x-ker,kiado,https://ingatlan.com/35576637,35576637.html,2026-10-08 19:01:05
35575651,Nincs kép,x-ker,kiado,https://ingatlan.com/35575651,35575651.html,2026-10-08 19:01:09
35567851,Nincs kép,x-ker,kiado,https://ingatlan.com/35567851,35567851.html,2026-10-08 19:01:12
35566892,Nincs kép,x-ker,kiado,https://ingatlan.com/35566892,35566892.html,2026-10-08 19:01:16
35565867,Nincs kép,x-ker,kiado,https://ingatlan.com/35565867,35565867.html,2026-10-08 19:01:20
35562646,Nincs kép,x-ker,kiado,https://ingatlan.com/35562646,35562646.html,2026-10-08 19:01:24
35562252,Nincs kép,x-ker,kiado,https://ingatlan.com/35562252,35562252.html,2026-10-08 19:01:26
35558041,Ingatlan kép,x-ker,kiado,https://ingatlan.com/35558041,35558041.html,2026-10-08 19:01:31
35557144,Nincs kép,x-ker,kiado,https://ingatlan.com/35557144,35557144.html,2026-10-08 19:01:34
35556406,Nincs kép,x-ker,kiado,https://ingatlan.com/35556406,35556406.html,2026-10-08 19:01:37
35555786,Nincs kép,x-ker,kiado,https://ingatlan.com/35555786,35555786.html,2026-10-08 19:01:41
35555608,Ingatlan kép,x-ker,kiado,https://ingatlan.com/35555608,35555608.html,2026-10-08 19:01:45
35554993,Nincs kép,x-ker,kiado,https://ingatlan.com/35554993,35554993.html,2026-10-08 19:01:50
35554567,Ingatlan kép,x-ker,kiado,https://ingatlan.com/35554567,35554567.html,2026-10-08 19:01:53
35552371,Ingatlan kép,x-ker,kiado,https://ingatlan.com/35552371,35552371.html,2026-10-08 19:01:56
35549280,Nincs kép,x-ker,kiado,https://ingatlan.com/35549280,35549280.html,2026-10-08 19:01:59
7561174,Hirdetés #7561174,x-ker,kiado,https://ad.adverticum.net/C/7561174/7933653/793364800/1791477691513/ingatlan.com/7933644/,7561174.html,2026-10-08 19:02:04
35544934,Nincs kép,x-ker,kiado,https://ingatlan.com/35544934,35544934.html,2026-10-08 19:02:07
35543267,Ingatlan kép,x-ker,kiado,https://ingatlan.com/35543267,35543267.html,2026-10-08 19:02:11
35543085,Ingatlan kép,x-ker,kiado,https://ingatlan.com/35543085,35543085.html,2026-10-08 19:02:14
35542943,Nincs kép,x-ker,kiado,https://ingatlan.com/35542943,35542943.html,2026-10-08 19:02:17
35540548,Ingatlan kép,x-ker,kiado,https://ingatlan.com/35540548,35540548.html,2026-10-08 19:02:21
35539920,Ingatlan kép,x-ker,kiado,https://ingatlan.com/35539920,35539920.html,2026-10-08 19:02:24
35537776,Nincs kép,x-ker,kiado,https://ingatlan.com/35537776,35537776.html,2026-10-08 19:02:27
35536798,Ingatlan kép,x-ker,kiado,https://ingatlan.com/35536798,35536798.html,2026-10-08 19:02:31
35535520,Nincs kép,x-ker,kiado,https://ingatlan.com/35535520,35535520.html,2026-10-08 19:02:34
35534971,Ingatlan kép,x-ker,kiado,https://ingatlan.com/35534971,35534971.html,2026-10-08 19:02:37
35530997,Ingatlan kép,x-ker,kiado,https://ingatlan.com/35530997,35530997.html,2026-10-08 19:02:46
35530582,Nincs kép,x-ker,kiado,https://ingatlan.com/35530582,35530582.html,2026-10-08 19:02:49
35522964,Ingatlan kép,x-ker,kiado,https://ingatlan.com/35522964,35522964.html,2026-10-08 19:02:52
35522867,Ingatlan kép,x-ker,kiado,https://ingatlan.com/35522867,35522867.html,2026-10-08 19:02:56
35519231,Nincs kép,x-ker,kiado,https://ingatlan.com/35519231,35519231.html,2026-10-08 19:02:59
35511177,Nincs kép,x-ker,kiado,https://ingatlan.com/35511177,35511177.html,2026-10-08 19:03:02
35509044,Nincs kép,x-ker,kiado,https://ingatlan.com/35509044,35509044.html,2026-10-08 19:03:05
35507913,Ingatlan kép,x-ker,kiado,https://ingatlan.com/35507913,35507913.html,2026-10-08 19:03:10
35506370,Nincs kép,x-ker,kiado,https://ingatlan.com/35506370,35506370.html,2026-10-08 19:03:13
35506321,Ingatlan kép,x-ker,kiado,https://ingatlan.com/35506321,35506321.html,2026-10-08 19:03:17
35505839,Ingatlan kép,x-ker,kiado,https://ingatlan.com/35505839,35505839.html,2026-10-08 19:03:20
35505222,Ingatlan kép,x-ker,kiado,https://ingatlan.com/35505222,35505222.html,2026-10-08 19:03:23
35503316,Nincs kép,x-ker,kiado,https://ingatlan.com/35503316,35503316.html,2026-10-08 19:03:27
35500957,Ingatlan kép,x-ker,kiado,https://ingatlan.com/35500957,35500957.html,2026-10-08 19:03:30
35496353,Nincs kép,x-ker,kiado,https://ingatlan.com/35496353,35496353.html,2026-10-08 19:03:33
35493734,Nincs kép,x-ker,kiado,https://ingatlan.com/35493734,35493734.html,2026-10-08 19:03:36
35491005,Ingatlan kép,x-ker,kiado,https://ingatlan.com/35491005,35491005.html,2026-10-08 19:03:40
35490999,Ingatlan kép,x-ker,kiado,https://ingatlan.com/35490999,35490999.html,2026-10-08 19:03:43
35490724,Ingatlan kép,x-ker,kiado,https://ingatlan.com/35490724,35490724.html,2026-10-08 19:03:46
35486558,Nincs kép,x-ker,kiado,https://ingatlan.com/35486558,35486558.html,2026-10-08 19:03:50
35484631,Ingatlan kép,x-ker,kiado,https://ingatlan.com/35484631,35484631.html,2026-10-08 19:03:54
35477796,Ingatlan kép,x-ker,kiado,https://ingatlan.com/35477796,35477796.html,2026-10-08 19:03:57
35472239,Nincs kép,x-ker,kiado,https://ingatlan.com/35472239,35472239.html,2026-10-08 19:04:01
35470729,Ingatlan kép,x-ker,kiado,https://ingatlan.com/35470729,35470729.html,2026-10-08 19:04:05
35465102,Nincs kép,x-ker,kiado,https://ingatlan.com/35465102,35465102.html,2026-10-08 19:04:08
35461494,Nincs kép,x-ker,kiado,https://ingatlan.com/35461494,35461494.html,2026-10-08 19:04:11
35457642,Nincs kép,x-ker,kiado,https://ingatlan.com/35457642,35457642.html,2026-10-08 19:04:14
35451561,Ingatlan kép,x-ker,kiado,https://ingatlan.com/35451561,35451561.html,2026-10-08 19:04:17
35447947,Nincs kép,x-ker,kiado,https://ingatlan.com/35447947,35447947.html,2026-10-08 19:04:21
35444239,Nincs kép,x-ker,kiado,https://ingatlan.com/35444239,35444239.html,2026-10-08 19:04:24
35444106,Ingatlan kép,x-ker,kiado,https://ingatlan.com/35444106,35444106.html,2026-10-08 19:04:27
35441716,Nincs kép,x-ker,kiado,https://ingatlan.com/35441716,35441716.html,2026-10-08 19:04:31
35439455,Nincs kép,x-ker,kiado,https://ingatlan.com/35439455,35439455.html,2026-10-08 19:04:35
35437325,Ingatlan kép,x-ker,kiado,https://ingatlan.com/35437325,35437325.html,2026-10-08 19:04:39
35425762,Ingatlan kép,x-ker,kiado,https://ingatlan.com/35425762,35425762.html,2026-10-08 19:04:42
35425731,Ingatlan kép,x-ker,kiado,https://ingatlan.com/35425731,35425731.html,2026-10-08 19:04:46
35424213,Nincs kép,x-ker,kiado,https://ingatlan.com/35424213,35424213.html,2026-10-08 19:04:49
35415926,Nincs kép,x-ker,kiado,https://ingatlan.com/35415926,35415926.html,2026-10-08 19:04:53
35411241,Nincs kép,x-ker,kiado,https://ingatlan.com/35411241,35411241.html,2026-10-08 19:04:56
35410639,Ingatlan kép,x-ker,kiado,https://ingatlan.com/35410639,35410639.html,2026-10-08 19:05:00
35405012,Ingatlan kép,x-ker,kiado,https://ingatlan.com/35405012,35405012.html,2026-10-08 19:05:05
35400187,Nincs kép,x-ker,kiado,https://ingatlan.com/35400187,35400187.html,2026-10-08 19:05:09
35393813,Nincs kép,x-ker,kiado,https://ingatlan.com/35393813,35393813.html,2026-10-08 19:05:12
35392919,Nincs kép,x-ker,kiado,https://ingatlan.com/35392919,35392919.html,2026-10-08 19:05:16
35392258,Nincs kép,x-ker,kiado,https://ingatlan.com/35392258,35392258.html,2026-10-08 19:05:19
35381626,Nincs kép,x-ker,kiado,https://ingatlan.com/35381626,35381626.html,2026-10-08 19:05:22
35365780,Ingatlan kép,x-ker,kiado,https://ingatlan.com/35365780,35365780.html,2026-10-08 19:05:26
35364667,Nincs kép,x-ker,kiado,https://ingatlan.com/35364667,35364667.html,2026-10-08 19:05:29
35349540,Nincs kép,x-ker,kiado,https://ingatlan.com/35349540,35349540.html,2026-10-08 19:05:33
35348499,Ingatlan kép,x-ker,kiado,https://ingatlan.com/35348499,35348499.html,2026-10-08 19:05:37
35343928,Nincs kép,x-ker,kiado,https://ingatlan.com/35343928,35343928.html,2026-10-08 19:05:41
35331605,Ingatlan kép,x-ker,kiado,https://ingatlan.com/35331605,35331605.html,2026-10-08 19:05:44
35320467,Ingatlan kép,x-ker,kiado,https://ingatlan.com/35320467,35320467.html,2026-10-08 19:05:48
35263942,Nincs kép,x-ker,kiado,https://ingatlan.com/35263942,35263942.html,2026-10-08 19:05:52
35249128,Nincs kép,x-ker,kiado,https://ingatlan.com/35249128,35249128.html,2026-10-08 19:05:56
35239678,Ingatlan kép,x-ker,kiado,https://ingatlan.com/35239678,35239678.html,2026-10-08 19:06:00
35231291,Nincs kép,x-ker,kiado,https://ingatlan.com/35231291,35231291.html,2026-10-08 19:06:03
35231257,Nincs kép,x-ker,kiado,https://ingatlan.com/35231257,35231257.html,2026-10-08 19:06:06
35231166,Nincs kép,x-ker,kiado,https://ingatlan.com/35231166,35231166.html,2026-10-08 19:06:10
35227428,Ingatlan kép,x-ker,kiado,https://ingatlan.com/35227428,35227428.html,2026-10-08 19:06:13
35207432,Nincs kép,x-ker,kiado,https://ingatlan.com/35207432,35207432.html,2026-10-08 19:06:26
35204921,Ingatlan kép,x-ker,kiado,https://ingatlan.com/35204921,35204921.html,2026-10-08 19:06:31
35185921,Ingatlan kép,x-ker,kiado,https://ingatlan.com/35185921,35185921.html,2026-10-08 19:06:34
35182643,Ingatlan kép,x-ker,kiado,https://ingatlan.com/35182643,35182643.html,2026-10-08 19:06:38
35173777,Ingatlan kép,x-ker,kiado,https://ingatlan.com/35173777,35173777.html,2026-10-08 19:06:41
35162799,Nincs kép,x-ker,kiado,https://ingatlan.com/35162799,35162799.html,2026-10-08 19:06:44
35159939,Nincs kép,x-ker,kiado,https://ingatlan.com/35159939,35159939.html,2026-10-08 19:06:48
35142186,Nincs kép,x-ker,kiado,https://ingatlan.com/35142186,35142186.html,2026-10-08 19:06:51
35139473,Nincs kép,x-ker,kiado,https://ingatlan.com/35139473,35139473.html,2026-10-08 19:06:54
35135674,Nincs kép,x-ker,kiado,https://ingatlan.com/35135674,35135674.html,2026-10-08 19:06:57
35113160,Ingatlan kép,x-ker,kiado,https://ingatlan.com/35113160,35113160.html,2026-10-08 19:07:01
35111543,Nincs kép,x-ker,kiado,https://ingatlan.com/35111543,35111543.html,2026-10-08 19:07:04
35081622,Nincs kép,x-ker,kiado,https://ingatlan.com/35081622,35081622.html,2026-10-08 19:07:08
35055026,Nincs kép,x-ker,kiado,https://ingatlan.com/35055026,35055026.html,2026-10-08 19:07:11
35046914,Nincs kép,x-ker,kiado,https://ingatlan.com/35046914,35046914.html,2026-10-08 19:07:15
34992334,Nincs kép,x-ker,kiado,https://ingatlan.com/34992334,34992334.html,2026-10-08 19:07:18
34970520,Ingatlan kép,x-ker,kiado,https://ingatlan.com/34970520,34970520.html,2026-10-08 19:07:22
34968039,Ingatlan kép,x-ker,kiado,https://ingatlan.com/34968039,34968039.html,2026-10-08 19:07:26
34950699,Ingatlan kép,x-ker,kiado,https://ingatlan.com/34950699,34950699.html,2026-10-08 19:07:29
34939961,Ingatlan kép,x-ker,kiado,https://ingatlan.com/34939961,34939961.html,2026-10-08 19:07:33
34938397,Ingatlan kép,x-ker,kiado,https://ingatlan.com/34938397,34938397.html,2026-10-08 19:07:36
34910713,Ingatlan kép,x-ker,kiado,https://ingatlan.com/34910713,34910713.html,2026-10-08 19:07:40
34907399,Ingatlan kép,x-ker,kiado,https://ingatlan.com/34907399,34907399.html,2026-10-08 19:07:43
34864562,Ingatlan kép,x-ker,kiado,https://ingatlan.com/34864562,34864562.html,2026-10-08 19:07:47
34860837,Nincs kép,x-ker,kiado,https://ingatlan.com/34860837,34860837.html,2026-10-08 19:07:51
34842466,Nincs kép,x-ker,kiado,https://ingatlan.com/34842466,34842466.html,2026-10-08 19:07:55
34813723,Ingatlan kép,x-ker,kiado,https://ingatlan.com/34813723,34813723.html,2026-10-08 19:07:58
34791007,Ingatlan kép,x-ker,kiado,https://ingatlan.com/34791007,34791007.html,2026-10-08 19:08:02
34653959,Ingatlan kép,x-ker,kiado,https://ingatlan.com/34653959,34653959.html,2026-10-08 19:08:05
34650943,Nincs kép,x-ker,kiado,https://ingatlan.com/34650943,34650943.html,2026-10-08 19:08:08
34609885,Ingatlan kép,x-ker,kiado,https://ingatlan.com/34609885,34609885.html,2026-10-08 19:08:11
34528887,Nincs kép,x-ker,kiado,https://ingatlan.com/34528887,34528887.html,2026-10-08 19:08:18
34454287,Nincs kép,x-ker,kiado,https://ingatlan.com/34454287,34454287.html,2026-10-08 19:08:21
34447969,Nincs kép,x-ker,kiado,https://ingatlan.com/34447969,34447969.html,2026-10-08 19:08:24
34413505,Ingatlan kép,x-ker,kiado,https://ingatlan.com/34413505,34413505.html,2026-10-08 19:08:28
34394146,Ingatlan kép,x-ker,kiado,https://ingatlan.com/34394146,34394146.html,2026-10-08 19:08:31
34319439,Ingatlan kép,x-ker,kiado,https://ingatlan.com/34319439,34319439.html,2026-10-08 19:08:35
34282934,Ingatlan kép,x-ker,kiado,https://ingatlan.com/34282934,34282934.html,2026-10-08 19:08:38
34225802,Ingatlan kép,x-ker,kiado,https://ingatlan.com/34225802,34225802.html,2026-10-08 19:08:41
34115753,Nincs kép,x-ker,kiado,https://ingatlan.com/34115753,34115753.html,2026-10-08 19:08:44
34067117,Ingatlan kép,x-ker,kiado,https://ingatlan.com/34067117,34067117.html,2026-10-08 19:08:48
34062186,Ingatlan kép,x-ker,kiado,https://ingatlan.com/34062186,34062186.html,2026-10-08 19:08:52
34047529,Ingatlan kép,x-ker,kiado,https://ingatlan.com/34047529,34047529.html,2026-10-08 19:08:56
34012071,Ingatlan kép,x-ker,kiado,https://ingatlan.com/34012071,34012071.html,2026-10-08 19:09:00
34008498,Ingatlan kép,x-ker,kiado,https://ingatlan.com/34008498,34008498.html,2026-10-08 19:09:03
34007237,Ingatlan kép,x-ker,kiado,https://ingatlan.com/34007237,34007237.html,2026-10-08 19:09:07
33985657,Nincs kép,x-ker,kiado,https://ingatlan.com/33985657,33985657.html,2026-10-08 19:09:11
33966566,Ingatlan kép,x-ker,kiado,https://ingatlan.com/33966566,33966566.html,2026-10-08 19:09:15
33946791,Ingatlan kép,x-ker,kiado,https://ingatlan.com/33946791,33946791.html,2026-10-08 19:09:18
33863279,Nincs kép,x-ker,kiado,https://ingatlan.com/33863279,33863279.html,2026-10-08 19:09:22
33796032,Ingatlan kép,x-ker,kiado,https://ingatlan.com/33796032,33796032.html,2026-10-08 19:09:25
33755796,Nincs kép,x-ker,kiado,https://ingatlan.com/33755796,33755796.html,2026-10-08 19:09:29
33700270,Ingatlan kép,x-ker,kiado,https://ingatlan.com/33700270,33700270.html,2026-10-08 19:09:32
33501833,Ingatlan kép,x-ker,kiado,https://ingatlan.com/33501833,33501833.html,2026-10-08 19:09:36
33394541,Ingatlan kép,x-ker,kiado,https://ingatlan.com/33394541,33394541.html,2026-10-08 19:09:39
32997069,Nincs kép,x-ker,kiado,https://ingatlan.com/32997069,32997069.html,2026-10-08 19:09:42
32945030,Ingatlan kép,x-ker,kiado,https://ingatlan.com/32945030,32945030.html,2026-10-08 19:09:46
32708003,Ingatlan kép,x-ker,kiado,https://ingatlan.com/32708003,32708003.html,2026-10-08 19:09:50
32688706,Ingatlan kép,x-ker,kiado,https://ingatlan.com/32688706,32688706.html,2026-10-08 19:09:53
32638379,Nincs kép,x-ker,kiado,https://ingatlan.com/32638379,32638379.html,2026-10-08 19:10:13
32565086,Ingatlan kép,x-ker,kiado,https://ingatlan.com/32565086,32565086.html,2026-10-08 19:10:17
31958948,Ingatlan kép,x-ker,kiado,https://ingatlan.com/31958948,31958948.html,2026-10-08 19:10:21
31527069,Ingatlan kép,x-ker,kiado,https://ingatlan.com/31527069,31527069.html,2026-10-08 19:10:25
31017496,Ingatlan kép,x-ker,kiado,https://ingatlan.com/31017496,31017496.html,2026-10-08 19:10:28
30797230,Ingatlan kép,x-ker,kiado,https://ingatlan.com/30797230,30797230.html,2026-10-08 19:10:32
29152970,Ingatlan kép,x-ker,kiado,https://ingatlan.com/29152970,29152970.html,2026-10-08 19:10:37
29152889,Ingatlan kép,x-ker,kiado,https://ingatlan.com/29152889,29152889.html,2026-10-08 19:10:40
29123426,Nincs kép,x-ker,kiado,https://ingatlan.com/29123426,29123426.html,2026-10-08 19:10:44
28991816,Ingatlan kép,x-ker,kiado,https://ingatlan.com/28991816,28991816.html,2026-10-08 19:10:47
28758929,Ingatlan kép,x-ker,kiado,https://ingatlan.com/28758929,28758929.html,2026-10-08 19:10:51
22441285,Ingatlan kép,x-ker,kiado,https://ingatlan.com/22441285,22441285.html,2026-10-08 19:10:55
21171560,Ingatlan kép,x-ker,kiado,https://ingatlan.com/21171560,21171560.html,2026-10-08 19:10:58
